PMID,Title,Authors,Citation,First Author,Journal/Book,Publication Year,Create Date,PMCID,NIHMS ID,DOI
"40302150","Comparative pathogenicity of goose parvovirus across different epidemic lineages in ducklings and goslings","Lu X, Xu Q, Cai M, Li M, Wang X, Wang Y, Yang W, Liu K, Gao R, Chen Y, Hu J, Gu M, Hu S, Liu X, Liu X.","Virulence. 2025 Dec;16(1):2497904. doi: 10.1080/21505594.2025.2497904. Epub 2025 May 12.","Lu X","Virulence","2025","2025/04/30","PMC12077480","","10.1080/21505594.2025.2497904"
"40584836","Development and validation of an MRI spatiotemporal interaction model for early noninvasive prediction of neoadjuvant chemotherapy response in breast cancer: a multicentre study","Tang W, Jin C, Kong Q, Liu C, Chen S, Ding S, Liu B, Feng Z, Li Y, Dai Y, Zhang L, Chen Y, Han X, Liu S, Chen D, Weng Z, Liu W, Wei X, Jiang X, Zhou Q, Mao N, Guo Y.","EClinicalMedicine. 2025 Jun 12;85:103298. doi: 10.1016/j.eclinm.2025.103298. eCollection 2025 Jul.","Tang W","EClinicalMedicine","2025","2025/06/30","PMC12205660","","10.1016/j.eclinm.2025.103298"
"40287980","AI-assisted Diagnosis of Nonmelanoma Skin Cancer in Resource-Limited Settings","Ellis S, Song S, Reiman D, Hui X, Zhang R, Shahriar MH, Argos M, Kamal M, Shea CR, Grossman RL, Khan AA, Ahsan H.","Cancer Epidemiol Biomarkers Prev. 2025 Jul 1;34(7):1080-1088. doi: 10.1158/1055-9965.EPI-25-0132.","Ellis S","Cancer Epidemiol Biomarkers Prev","2025","2025/04/27","PMC12209823","","10.1158/1055-9965.EPI-25-0132"
"40592256","Trajectory of plasma lipidome associated with the risk of late-onset Alzheimer's disease: a longitudinal cohort study","Wang T, Arnold M, Huynh K, Weinisch P, Giles C, Mellett NA, Duong T, Marella B, Nho K, De Livera A, Han X, Blach C, Yu C, McNeil JJ, Lacaze P, Saykin AJ, Kastenmüller G, Meikle PJ, Kaddurah-Daouk R; Alzheimer's Disease Neuroimaging Initiative (ADNI).","EBioMedicine. 2025 Jun 30;118:105826. doi: 10.1016/j.ebiom.2025.105826. Online ahead of print.","Wang T","EBioMedicine","2025","2025/07/01","","","10.1016/j.ebiom.2025.105826"
"40561575","Streamlining tuberculosis detection with foundation model-based weakly supervised transformer","Bedőházi Z, Biricz A, Foster N, Lin YE, Csabai I.","Comput Biol Med. 2025 Jun 24;195:110554. doi: 10.1016/j.compbiomed.2025.110554. Online ahead of print.","Bedőházi Z","Comput Biol Med","2025","2025/06/25","","","10.1016/j.compbiomed.2025.110554"
"40606969","Leveraging a foundation model zoo for cell similarity search in oncological microscopy across devices","Kalweit G, Klett A, Silvestrini P, Rahnfeld J, Naouar M, Vogt Y, Infante D, Berger R, Duque-Afonso J, Hartmann TN, Follo M, Bodurova-Spassova E, Lübbert M, Mertelsmann R, Boedecker J, Ullrich E, Kalweit M.","Front Oncol. 2025 Jun 18;15:1480384. doi: 10.3389/fonc.2025.1480384. eCollection 2025.","Kalweit G","Front Oncol","2025","2025/07/03","PMC12213826","","10.3389/fonc.2025.1480384"
"40600038","Comparative analysis of convolutional neural networks and transformer architectures for breast cancer histopathological image classification","Yuan B, Hu Y, Liang Y, Zhu Y, Zhang L, Cai S, Peng R, Wang X, Yang Z, Hu J.","Front Med (Lausanne). 2025 Jun 17;12:1606336. doi: 10.3389/fmed.2025.1606336. eCollection 2025.","Yuan B","Front Med (Lausanne)","2025","2025/07/02","PMC12209302","","10.3389/fmed.2025.1606336"
"40559831","piRNAs as Potential Regulators of Mammary Gland Development and Pathology in Livestock","Yu W, Zhang Z, Wang Z, Dong X, Hou Q.","Vet Sci. 2025 Jun 17;12(6):594. doi: 10.3390/vetsci12060594.","Yu W","Vet Sci","2025","2025/06/25","PMC12197747","","10.3390/vetsci12060594"
"40585176","Multiple instance learning using pathology foundation models effectively predicts kidney disease diagnosis and clinical classification","Kurata Y, Mimura I, Kodera S, Abe H, Yamada D, Kume H, Ushiku T, Tanaka T, Takeda N, Nangaku M.","medRxiv [Preprint]. 2025 Jun 11:2025.06.03.25328845. doi: 10.1101/2025.06.03.25328845.","Kurata Y","medRxiv","2025","2025/06/30","PMC12204405","","10.1101/2025.06.03.25328845"
"40547452","A new approach combining a whole-slide foundation model and gradient boosting for predicting BRAF mutation status in dermatopathology","Albahri M, Sauter D, Nensa F, Lodde G, Livingstone E, Schadendorf D, Kukuk M.","Comput Struct Biotechnol J. 2025 Jun 6;27:2503-2514. doi: 10.1016/j.csbj.2025.06.017. eCollection 2025.","Albahri M","Comput Struct Biotechnol J","2025","2025/06/23","PMC12182775","","10.1016/j.csbj.2025.06.017"
"40473698","Investigating the mechanism of Gentiopicroside in rheumatoid arthritis through network pharmacology, molecular docking, and experimental validation","Jing R, Chen Y, Xu M, Zou X, Wu S.","Sci Rep. 2025 Jun 6;15(1):19871. doi: 10.1038/s41598-025-03818-7.","Jing R","Sci Rep","2025","2025/06/05","PMC12141521","","10.1038/s41598-025-03818-7"
"40503024","PixCell: A generative foundation model for digital histopathology images","Yellapragada S, Graikos A, Li Z, Triaridis K, Belagali V, Kapse S, Nandi TN, Madduri RK, Prasanna P, Kurc T, Gupta RR, Saltz J, Samaras D.","ArXiv [Preprint]. 2025 Jun 5:arXiv:2506.05127v1.","Yellapragada S","ArXiv","2025","2025/06/12","PMC12154918","",""
"40467357","External validation of a digital pathology-based multimodal artificial intelligence-derived prognostic model in patients with advanced prostate cancer starting long-term androgen deprivation therapy: a post-hoc ancillary biomarker study of four phase 3 randomised controlled trials of the STAMPEDE platform protocol","Parker CTA, Mendes L, Liu VYT, Grist E, Joun S, Yamashita R, Mitani A, Chen E, Parry MA, Sachdeva A, Murphy L, Huang HC, Griffin J, van der Wal D, Todorovic T, Lall S, Santos Vidal S, Goncalves M, Thakali S, Wingate A, Zakka L, Brown M, Wetterskog D, Amos CL, Atako NB, Jones RJ, Cross WR, Gillessen S, Parker CC; STAMPEDE collaborators; Berney DM, Tran PT, Spratt DE, Sydes MR, Parmar MKB, Clarke NW, Brown LC, Feng FY, Esteva A, James ND, Attard G.","Lancet Digit Health. 2025 Jun 3:100885. doi: 10.1016/j.landig.2025.100885. Online ahead of print.","Parker CTA","Lancet Digit Health","2025","2025/06/04","","","10.1016/j.landig.2025.100885"
"40367638","Influenza A virus dissemination and infection leads to tissue resident cell injury and dysfunction in viral sepsis","Zheng Y, He D, Zuo W, Wang W, Wu K, Wu H, Yuan Y, Huang Y, Li H, Lu Y, Zhao L, Wang X, Wang J, Zhang Y, Zou G, Li H, Wang Z, Cao B.","EBioMedicine. 2025 Jun;116:105738. doi: 10.1016/j.ebiom.2025.105738. Epub 2025 May 13.","Zheng Y","EBioMedicine","2025","2025/05/14","PMC12142562","","10.1016/j.ebiom.2025.105738"
"40501896","Multimodal gene and targeted drug therapy for chronic myelogenous leukemia: Computational target analysis and therapeutic validation","Lugin ML, Lei W, Lee RT, Chung JY, Katritsis NM, Hwang W, Fleischman AG, Han N, Kwon YJ.","bioRxiv [Preprint]. 2025 May 29:2025.05.26.656072. doi: 10.1101/2025.05.26.656072.","Lugin ML","bioRxiv","2025","2025/06/12","PMC12154818","","10.1101/2025.05.26.656072"
"40492192","Characterization of transcriptomic changes in the neurovascular unit of Alzheimiers transgenic mouse models using digital spatial profiling","Salian VS, Thompson KJ, Tang X, Lowe VJ, Kalari KR, Kandimalla KK.","bioRxiv [Preprint]. 2025 May 28:2025.03.03.640886. doi: 10.1101/2025.03.03.640886.","Salian VS","bioRxiv","2025","2025/06/10","PMC12148062","","10.1101/2025.03.03.640886"
"40507270","Multiple Instance Learning for the Detection of Lymph Node and Omental Metastases in Carcinoma of the Ovaries, Fallopian Tubes and Peritoneum","Allen KE, Breen J, Hall G, Mappa G, Zucker K, Ravikumar N, Orsi NM.","Cancers (Basel). 2025 May 27;17(11):1789. doi: 10.3390/cancers17111789.","Allen KE","Cancers (Basel)","2025","2025/06/13","PMC12153539","","10.3390/cancers17111789"
"40441444","Artificial intelligence in breast pathology: Overview and recent updates","Datwani S, Khan H, Niazi MKK, Parwani AV, Li Z.","Hum Pathol. 2025 May 27:105819. doi: 10.1016/j.humpath.2025.105819. Online ahead of print.","Datwani S","Hum Pathol","2025","2025/05/29","","","10.1016/j.humpath.2025.105819"
"40475529","Age-informed, attention-based weakly supervised learning for neuropathological image assessment","Li S, Malamut M, McKee A, Cherry JD, Tian L.","bioRxiv [Preprint]. 2025 May 22:2025.05.16.654510. doi: 10.1101/2025.05.16.654510.","Li S","bioRxiv","2025","2025/06/06","PMC12139986","","10.1101/2025.05.16.654510"
"40394704","Maui: modular analytics of UAS imagery for specialty crop research","Kanaley K, Murdock MJ, Qiu T, Liu E, Seyram SE, Starzmann D, Smart LB, Gold KM, Jiang Y.","Plant Methods. 2025 May 20;21(1):65. doi: 10.1186/s13007-025-01376-7.","Kanaley K","Plant Methods","2025","2025/05/20","PMC12090642","","10.1186/s13007-025-01376-7"
"40389997","Correction: Predicting Nottingham grade in breast cancer digital pathology using a foundation model","Kim JS, Lee JH, Yeon Y, An D, Kim SJ, Noh MG, Lee S.","Breast Cancer Res. 2025 May 19;27(1):84. doi: 10.1186/s13058-025-02047-0.","Kim JS","Breast Cancer Res","2025","2025/05/19","PMC12087022","","10.1186/s13058-025-02047-0"
"40463538","Evaluating Vision and Pathology Foundation Models for Computational Pathology: A Comprehensive Benchmark Study","Bareja R, Carrillo-Perez F, Zheng Y, Pizurica M, Nandi TN, Shen J, Madduri R, Gevaert O.","medRxiv [Preprint]. 2025 May 12:2025.05.08.25327250. doi: 10.1101/2025.05.08.25327250.","Bareja R","medRxiv","2025","2025/06/04","PMC12132151","","10.1101/2025.05.08.25327250"
"40355526","Augmented reality microscopy to bridge trust between AI and pathologists","Badve S, Kumar GL, Lang T, Peigin E, Pratt J, Anders R, Chatterjee D, Gonzalez RS, Graham RP, Krasinskas AM, Liu X, Quaas A, Saxena R, Setia N, Tang L, Wang HL, Rüschoff J, Schildhaus HU, Daifalla K, Päpper M, Frey P, Faber F, Karasarides M.","NPJ Precis Oncol. 2025 May 12;9(1):139. doi: 10.1038/s41698-025-00899-5.","Badve S","NPJ Precis Oncol","2025","2025/05/12","PMC12069518","","10.1038/s41698-025-00899-5"
"40401054","Long-term PM2.5 exposure and new-onset lung diseases among middle-aged and older adults in China: a retrospective cohort study from CHARLS","Wu X, Zhang K, Yu D, Li J.","Front Public Health. 2025 May 7;13:1549830. doi: 10.3389/fpubh.2025.1549830. eCollection 2025.","Wu X","Front Public Health","2025","2025/05/22","PMC12092466","","10.3389/fpubh.2025.1549830"
"40362577","Transcriptome Insights into Protective Mechanisms of Ferroptosis Inhibition in Aortic Dissection","Shih CC, Chen CY, Chuu CP, Huang CY, Lu CJ, Lu HY.","Int J Mol Sci. 2025 May 2;26(9):4338. doi: 10.3390/ijms26094338.","Shih CC","Int J Mol Sci","2025","2025/05/14","PMC12072690","","10.3390/ijms26094338"
"40179809","Benchmarking pathology foundation models: Adaptation strategies and scenarios","Lee J, Lim J, Byeon K, Kwak JT.","Comput Biol Med. 2025 May;190:110031. doi: 10.1016/j.compbiomed.2025.110031. Epub 2025 Apr 2.","Lee J","Comput Biol Med","2025","2025/04/03","","","10.1016/j.compbiomed.2025.110031"
"40138968","Advancements in automated nuclei segmentation for histopathology using you only look once-driven approaches: A systematic review","Debsarkar SS, Aronow B, Prasath VBS.","Comput Biol Med. 2025 May;190:110072. doi: 10.1016/j.compbiomed.2025.110072. Epub 2025 Mar 25.","Debsarkar SS","Comput Biol Med","2025","2025/03/26","","","10.1016/j.compbiomed.2025.110072"
"39826798","Physical Color Calibration of Digital Pathology Scanners for Robust Artificial Intelligence-Assisted Cancer Diagnosis","Ji X, Salmon R, Mulliqi N, Khan U, Wang Y, Blilie A, Olsson H, Pedersen BG, Sørensen KD, Ulhøi BP, Kjosavik SR, Janssen EAM, Rantalainen M, Egevad L, Ruusuvuori P, Eklund M, Kartasalo K.","Mod Pathol. 2025 May;38(5):100715. doi: 10.1016/j.modpat.2025.100715. Epub 2025 Jan 16.","Ji X","Mod Pathol","2025","2025/01/18","","","10.1016/j.modpat.2025.100715"
"40253353","Predicting Nottingham grade in breast cancer digital pathology using a foundation model","Kim JS, Lee JH, Yeon Y, An D, Kim SJ, Noh MG, Lee S.","Breast Cancer Res. 2025 Apr 19;27(1):58. doi: 10.1186/s13058-025-02019-4.","Kim JS","Breast Cancer Res","2025","2025/04/19","PMC12008962","","10.1186/s13058-025-02019-4"
"40385057","Effects of stellate ganglion block on inflammation and autophagy of spinal cord neurons in rats with neuropathic pain after spinal cord injury","Huang Y, Xu H, Mao D, Shao J, Deng L, Wang T, Liao Z, Li X, Chen Y, Yao J, Zhang Z.","Am J Transl Res. 2025 Apr 15;17(4):3063-3073. doi: 10.62347/QEVD3665. eCollection 2025.","Huang Y","Am J Transl Res","2025","2025/05/19","PMC12082548","","10.62347/QEVD3665"
"40276548","Navigating prognostic strategies for GH- and PRL-secreting pituitary neuroendocrine tumors: key insights from a clinicopathological study","Dumitriu-Stan RI, Burcea IF, Dobre R, Nastase VN, Ceausu RA, Molnar CG, Raica M, Poiana C.","Front Endocrinol (Lausanne). 2025 Apr 10;16:1541514. doi: 10.3389/fendo.2025.1541514. eCollection 2025.","Dumitriu-Stan RI","Front Endocrinol (Lausanne)","2025","2025/04/25","PMC12018879","","10.3389/fendo.2025.1541514"
"40145503","Cancer Cell Line Classification Using Raman Spectroscopy of Cancer-Derived Exosomes and Machine Learning","Villazon J, Dela Cruz N, Shi L.","Anal Chem. 2025 Apr 8;97(13):7289-7298. doi: 10.1021/acs.analchem.4c06966. Epub 2025 Mar 27.","Villazon J","Anal Chem","2025","2025/03/27","PMC11983372","","10.1021/acs.analchem.4c06966"
"40268518","Skeletal muscle effects of antisense oligonucleotides targeting glycogen synthase 1 in a mouse model of Pompe disease","Weiss L, Carrer M, Shmara A, Martin A, Yin H, Pal P, Cheng C, Ta L, Boock V, Fazeli Y, Chang M, Paguio M, Lee J, Yu H, Weiss J, Grossman TR, Raben N, Jafar-Nejad P, Kimonis V.","Clin Transl Med. 2025 Apr;15(4):e70314. doi: 10.1002/ctm2.70314.","Weiss L","Clin Transl Med","2025","2025/04/23","PMC12017901","","10.1002/ctm2.70314"
"40195980","Implementing Trust in Non-Small Cell Lung Cancer Diagnosis with a Conformalized Uncertainty-Aware AI Framework in Whole-Slide Images","Zhang X, Wang T, Yan C, Najdawi F, Zhou K, Ma Y, Cheung YM, Malin BA.","Res Sq [Preprint]. 2025 Mar 27:rs.3.rs-5723270. doi: 10.21203/rs.3.rs-5723270/v1.","Zhang X","Res Sq","2025","2025/04/08","PMC11975025","","10.21203/rs.3.rs-5723270/v1"
"40201545","Whole-brain 3D imaging of dopaminergic neurons and glial cells in the mouse model of Parkinson's disease induced by 6-OHDA","Wang M, Xiao L, Shi Y, Wu Y, Huang X, Wu Y, Xu Y, Bai L, Pan W, Zhang J, Wang W.","Front Aging Neurosci. 2025 Mar 25;17:1503168. doi: 10.3389/fnagi.2025.1503168. eCollection 2025.","Wang M","Front Aging Neurosci","2025","2025/04/09","PMC11975956","","10.3389/fnagi.2025.1503168"
"39985770","A secondary metabolite of Limosilactobacillusreuteri R2lc drives strain-specific pathology in a spontaneous mouse model of multiple sclerosis","Archer D, Pérez-Muñoz ME, Tollenaar S, Veniamin S, Hotte N, Cheng CC, Nieves K, Oh JH, Morceli L, Muncner S, Barreda DR, Krishnamoorthy G, Power C, van Pijkeren JP, Walter J.","Cell Rep. 2025 Mar 25;44(3):115321. doi: 10.1016/j.celrep.2025.115321. Epub 2025 Feb 21.","Archer D","Cell Rep","2025","2025/02/22","","","10.1016/j.celrep.2025.115321"
"40126534","Lessons Learned From European Health Data Projects With Cancer Use Cases: Implementation of Health Standards and Internet of Things Semantic Interoperability","Gyrard A, Abedian S, Gribbon P, Manias G, van Nuland R, Zatloukal K, Nicolae IE, Danciu G, Nechifor S, Marti-Bonmati L, Mallol P, Dalmiani S, Autexier S, Jendrossek M, Avramidis I, Garcia Alvarez E, Holub P, Blanquer I, Boden A, Hussein R.","J Med Internet Res. 2025 Mar 24;27:e66273. doi: 10.2196/66273.","Gyrard A","J Med Internet Res","2025","2025/03/24","PMC11976176","","10.2196/66273"
"40166578","Benchmarking pathology foundation models for non-neoplastic pathology in the placenta","Peng Z, Ayad MA, Jing Y, Chou T, Cooper LAD, Goldstein JA.","medRxiv [Preprint]. 2025 Mar 20:2025.03.19.25324282. doi: 10.1101/2025.03.19.25324282.","Peng Z","medRxiv","2025","2025/04/01","PMC11957174","","10.1101/2025.03.19.25324282"
"40144879","Feasibility study of single-image super-resolution scanning system based on deep learning for pathological diagnosis of oral epithelial dysplasia","Liu Z, Wang P, Deng N, Zhang H, Xin F, Yu X, Yuan M, Yu Q, Tang Y, Dou K, Zhao J, He B, Deng J.","Front Med (Lausanne). 2025 Mar 12;12:1550512. doi: 10.3389/fmed.2025.1550512. eCollection 2025.","Liu Z","Front Med (Lausanne)","2025","2025/03/27","PMC11936936","","10.3389/fmed.2025.1550512"
"40064883","A foundation model for generalizable cancer diagnosis and survival prediction from histopathological images","Yang Z, Wei T, Liang Y, Yuan X, Gao R, Xia Y, Zhou J, Zhang Y, Yu Z.","Nat Commun. 2025 Mar 10;16(1):2366. doi: 10.1038/s41467-025-57587-y.","Yang Z","Nat Commun","2025","2025/03/11","PMC11894166","","10.1038/s41467-025-57587-y"
"40033432","Applying machine learning to high-dimensional proteomics datasets for the identification of Alzheimer's disease biomarkers","Ivarsson Orrelid C, Rosberg O, Weiner S, Johansson FD, Gobom J, Zetterberg H, Mwai N, Stempfle L.","Fluids Barriers CNS. 2025 Mar 3;22(1):23. doi: 10.1186/s12987-025-00634-z.","Ivarsson Orrelid C","Fluids Barriers CNS","2025","2025/03/03","PMC11874791","","10.1186/s12987-025-00634-z"
"40093987","Deep learning-based model for prediction of early recurrence and therapy response on whole slide images in non-muscle-invasive bladder cancer: a retrospective, multicentre study","Jiang F, Hong G, Zeng H, Lin Z, Liu Y, Xu A, Shen R, Xie Y, Luo Y, Wang Y, Zhu M, Yang H, Wang H, Huang S, Chen R, Lin T, Wu S.","EClinicalMedicine. 2025 Feb 26;81:103125. doi: 10.1016/j.eclinm.2025.103125. eCollection 2025 Mar.","Jiang F","EClinicalMedicine","2025","2025/03/17","PMC11909458","","10.1016/j.eclinm.2025.103125"
"40022169","A Preliminary Study of Effect of Melatonin on Inflammation and Hypoxia-Related Factors in a Mouse Model of Elastase-Induced Intracranial Aneurysm","NarenYa, Feng Y, Su Y, Chen L, Liu Y, Sun Z, Ma Z.","Brain Behav. 2025 Mar;15(3):e70371. doi: 10.1002/brb3.70371.","NarenYa","Brain Behav","2025","2025/02/28","PMC11870834","","10.1002/brb3.70371"
"39908354","Microglial cGAS Deletion Preserves Intercellular Communication and Alleviates Amyloid-β-Induced Pathogenesis of Alzheimer's Disease","He S, Li X, Mittra N, Bhattacharjee A, Wang H, Song S, Zhao S, Liu F, Han X.","Adv Sci (Weinh). 2025 Mar;12(12):e2410910. doi: 10.1002/advs.202410910. Epub 2025 Feb 5.","He S","Adv Sci (Weinh)","2025","2025/02/05","PMC11948024","","10.1002/advs.202410910"
"39793348","Tissue concepts: Supervised foundation models in computational pathology","Nicke T, Schäfer JR, Höfener H, Feuerhake F, Merhof D, Kießling F, Lotz J.","Comput Biol Med. 2025 Mar;186:109621. doi: 10.1016/j.compbiomed.2024.109621. Epub 2025 Jan 10.","Nicke T","Comput Biol Med","2025","2025/01/10","","","10.1016/j.compbiomed.2024.109621"
"39675426","Nongenerative Artificial Intelligence in Medicine: Advancements and Applications in Supervised and Unsupervised Machine Learning","Pantanowitz L, Pearce T, Abukhiran I, Hanna M, Wheeler S, Soong TR, Tafti AP, Pantanowitz J, Lu MY, Mahmood F, Gu Q, Rashidi HH.","Mod Pathol. 2025 Mar;38(3):100680. doi: 10.1016/j.modpat.2024.100680. Epub 2024 Dec 13.","Pantanowitz L","Mod Pathol","2025","2024/12/15","","","10.1016/j.modpat.2024.100680"
"40070646","Abnormality-aware multimodal learning for WSI classification","Dang TM, Zhou Q, Guo Y, Ma H, Na S, Dang TB, Gao J, Huang J.","Front Med (Lausanne). 2025 Feb 25;12:1546452. doi: 10.3389/fmed.2025.1546452. eCollection 2025.","Dang TM","Front Med (Lausanne)","2025","2025/03/12","PMC11893561","","10.3389/fmed.2025.1546452"
"39920176","Longitudinal characterization reveals behavioral impairments in aged APP knock in mouse models","Blackmer-Raynolds L, Lipson LD, Fraccaroli I, Krout IN, Chang J, Sampson TR.","Sci Rep. 2025 Feb 7;15(1):4631. doi: 10.1038/s41598-025-89051-8.","Blackmer-Raynolds L","Sci Rep","2025","2025/02/07","PMC11805898","","10.1038/s41598-025-89051-8"
"39807873","Pulmonary granuloma formation during latent Cryptococcus neoformans infection in C3HeB/FeJ mice involves progression through three immunological phases","Betancourt JJ, Ding M, Yoder JM, Mutyaba I, Atkins HM, De la Cruz G, Meya DB, Nielsen K.","mBio. 2025 Feb 5;16(2):e0361024. doi: 10.1128/mbio.03610-24. Epub 2025 Jan 14.","Betancourt JJ","mBio","2025","2025/01/14","PMC11796415","","10.1128/mbio.03610-24"
"39932017","Prediction of molecular subtypes for endometrial cancer based on hierarchical foundation model","Cui H, Guo Q, Xu J, Wu X, Cai C, Jiao Y, Ming W, Wen H, Wang X.","Bioinformatics. 2025 Feb 4;41(2):btaf059. doi: 10.1093/bioinformatics/btaf059.","Cui H","Bioinformatics","2025","2025/02/11","PMC11878776","","10.1093/bioinformatics/btaf059"
"39893159","Alpha synuclein overexpression can drive microbiome dysbiosis in mice","Sampson TR, Wallen ZD, Won WJ, Standaert DG, Payami H, Harms AS.","Sci Rep. 2025 Feb 1;15(1):4014. doi: 10.1038/s41598-024-82139-7.","Sampson TR","Sci Rep","2025","2025/02/01","PMC11787330","","10.1038/s41598-024-82139-7"
"39741089","The goat as a model for temporomandibular joint disc replacement: Techniques for scaffold fixation","Socorro M, Dong X, Trbojevic S, Chung W, Brown BN, Almarza A.","Br J Oral Maxillofac Surg. 2025 Feb;63(2):91-97. doi: 10.1016/j.bjoms.2024.10.233. Epub 2024 Nov 6.","Socorro M","Br J Oral Maxillofac Surg","2025","2024/12/31","","","10.1016/j.bjoms.2024.10.233"
"38980627","Benchmarking PathCLIP for Pathology Image Analysis","Zheng S, Cui X, Sun Y, Li J, Li H, Zhang Y, Chen P, Jing X, Ye Z, Yang L.","J Imaging Inform Med. 2025 Feb;38(1):422-438. doi: 10.1007/s10278-024-01128-4. Epub 2024 Jul 9.","Zheng S","J Imaging Inform Med","2025","2024/07/09","PMC11811322","","10.1007/s10278-024-01128-4"
"39926091","Pathology Foundation Models","Ochi M, Komura D, Ishikawa S.","JMA J. 2025 Jan 15;8(1):121-130. doi: 10.31662/jmaj.2024-0206. Epub 2024 Dec 20.","Ochi M","JMA J","2025","2025/02/10","PMC11799676","","10.31662/jmaj.2024-0206"
"39811506","Predicting colorectal adenomatous polyps in patients with chronic liver disease: A novel nomogram","Li YQ, Kuai WT, Chen L, Zeng MH, Tao XM, Han JX, Wang YK, Xu LX, Ge LY, Liu YG, Li S, Xu L, Mi YQ.","World J Gastroenterol. 2025 Jan 14;31(2):99082. doi: 10.3748/wjg.v31.i2.99082.","Li YQ","World J Gastroenterol","2025","2025/01/15","PMC11684197","","10.3748/wjg.v31.i2.99082"
"39626534","Mechanism of dihydroartemisinin in the treatment of ischaemia/reperfusion-induced acute kidney injury via network pharmacology, molecular dynamics simulation and experiments","Jiang B, Liu J, Qu Z, Wang Y, Wang Y, Li Z, Jin X, Lao Y, He R, Yang S.","Int Immunopharmacol. 2025 Jan 10;144:113705. doi: 10.1016/j.intimp.2024.113705. Epub 2024 Dec 2.","Jiang B","Int Immunopharmacol","2025","2024/12/03","","","10.1016/j.intimp.2024.113705"
"40190816","Segment Anything Model (SAM) for Digital Pathology: Assess Zero-shot Segmentation on Whole Slide Imaging","Deng R, Cui C, Liu Q, Yao T, Remedios LW, Bao S, Landman BA, Wheless LE, Coburn LA, Wilson KT, Wang Y, Zhao S, Fogo AB, Yang H, Tang Y, Huo Y.","IS&T Int Symp Electron Imaging. 2025;37:COIMG-132. doi: 10.2352/EI.2025.37.14.COIMG-132. Epub 2025 Feb 1.","Deng R","IS&T Int Symp Electron Imaging","2025","2025/04/07","PMC11971729","NIHMS2067907","10.2352/EI.2025.37.14.COIMG-132"
"39897057","Machine learning methods for histopathological image analysis: Updates in 2024","Komura D, Ochi M, Ishikawa S.","Comput Struct Biotechnol J. 2024 Dec 30;27:383-400. doi: 10.1016/j.csbj.2024.12.033. eCollection 2025.","Komura D","Comput Struct Biotechnol J","2024","2025/02/03","PMC11786909","","10.1016/j.csbj.2024.12.033"
"39523147","Out-of-distribution detection in digital pathology: Do foundation models bring the end to reconstruction-based approaches?","Pocevičiūtė M, Ding Y, Bromée R, Eilertsen G.","Comput Biol Med. 2025 Jan;184:109327. doi: 10.1016/j.compbiomed.2024.109327. Epub 2024 Nov 9.","Pocevičiūtė M","Comput Biol Med","2025","2024/11/10","","","10.1016/j.compbiomed.2024.109327"
"39447001","Aggressiveness classification of clear cell renal cell carcinoma using registration-independent radiology-pathology correlation learning","Bhattacharya I, Stacke K, Chan E, Lee JH, Tse JR, Liang T, Brooks JD, Sonn GA, Rusu M.","Med Phys. 2025 Jan;52(1):300-320. doi: 10.1002/mp.17476. Epub 2024 Oct 24.","Bhattacharya I","Med Phys","2025","2024/10/24","PMC11700780","NIHMS2033273","10.1002/mp.17476"
"39802797","Implementing Trust in Non-Small Cell Lung Cancer Diagnosis with a Conformalized Uncertainty-Aware AI Framework in Whole-Slide Images","Zhang X, Wang T, Yan C, Najdawi F, Zhou K, Ma Y, Cheung YM, Malin BA.","medRxiv [Preprint]. 2024 Dec 30:2024.12.27.24319715. doi: 10.1101/2024.12.27.24319715.","Zhang X","medRxiv","2024","2025/01/13","PMC11722472","","10.1101/2024.12.27.24319715"
"39731167","Organoids as a model system for researching human neuroendocrine tumor of the breast","Zhao D, Bai X, Zhu S, Zhao Z, Li X.","Cancer Cell Int. 2024 Dec 27;24(1):433. doi: 10.1186/s12935-024-03621-w.","Zhao D","Cancer Cell Int","2024","2024/12/28","PMC11681707","","10.1186/s12935-024-03621-w"
"39719527","Ecologically sustainable benchmarking of AI models for histopathology","Lan YC, Strauch M, Pilva P, Schmitz NEJ, Sadr AV, Niggemeier L, Nguyen HQ, Hölscher DL, Nguyen TQ, Kers J, Bülow RD, Boor P.","NPJ Digit Med. 2024 Dec 24;7(1):378. doi: 10.1038/s41746-024-01397-x.","Lan YC","NPJ Digit Med","2024","2024/12/24","PMC11668825","","10.1038/s41746-024-01397-x"
"39669975","Multimodal data fusion AI model uncovers tumor microenvironment immunotyping heterogeneity and enhanced risk stratification of breast cancer","Yu Y, Cai G, Lin R, Wang Z, Chen Y, Tan Y, He Z, Sun Z, Ouyang W, Yao H, Zhang K.","MedComm (2020). 2024 Dec 11;5(12):e70023. doi: 10.1002/mco2.70023. eCollection 2024 Dec.","Yu Y","MedComm (2020)","2024","2024/12/13","PMC11635117","","10.1002/mco2.70023"
"39713797","A multimodal ensemble approach for clear cell renal cell carcinoma treatment outcome prediction","Chen M, Wang K, Kapur P, Brugarolas J, Hannan R, Wang J.","ArXiv [Preprint]. 2024 Dec 10:arXiv:2412.07136v1.","Chen M","ArXiv","2024","2024/12/23","PMC11661283","",""
"39677654","Pulmonary granuloma formation during latent Cryptococcus neoformans infection in C3HeB/FeJ mice involves progression through three immunological phases","Betancourt JJ, Ding M, Yoder JM, Mutyaba I, Atkins HM, de la Cruz G, Meya DB, Nielsen K.","bioRxiv [Preprint]. 2024 Dec 4:2024.12.03.626680. doi: 10.1101/2024.12.03.626680.","Betancourt JJ","bioRxiv","2024","2024/12/16","PMC11643028","","10.1101/2024.12.03.626680"
"39690860","Exploring the Synergistic Effects of Erinacines on Microglial Regulation and Alzheimer's Pathology Under Metabolic Stress","Bui VT, Wu KW, Chen CC, Nguyen AT, Huang WJ, Lee LY, Chen WP, Huang CY, Shiao YJ.","CNS Neurosci Ther. 2024 Dec;30(12):e70137. doi: 10.1111/cns.70137.","Bui VT","CNS Neurosci Ther","2024","2024/12/18","PMC11652784","","10.1111/cns.70137"
"39566409","Berberine in combination with evodiamine ameliorates gastroesophageal reflux disease through TAS2R38/TRPV1-mediated regulation of MAPK/NF-κB signaling pathways and macrophage polarization","Cui G, Wang M, Li X, Wang C, Shon K, Liu Z, Ren L, Yang X, Li X, Wu Y, Sun Z.","Phytomedicine. 2024 Dec;135:156251. doi: 10.1016/j.phymed.2024.156251. Epub 2024 Nov 12.","Cui G","Phytomedicine","2024","2024/11/20","","","10.1016/j.phymed.2024.156251"
"39515027","Molecular imaging in experimental pulmonary fibrosis reveals that nintedanib unexpectedly modulates CCR2 immune cell infiltration","Farooq H, Luehmann HP, Koenitzer JR, Heo GS, Sultan DH, Kulkarni DH, Gunsten SP, Sashti RM, Huang T, Keller AR, Lavine KJ, Atkinson JJ, Wingler LM, Liu Y, Brody SL.","EBioMedicine. 2024 Dec;110:105431. doi: 10.1016/j.ebiom.2024.105431. Epub 2024 Nov 7.","Farooq H","EBioMedicine","2024","2024/11/08","PMC11582469","","10.1016/j.ebiom.2024.105431"
"39589607","Migrants and refugees' health financing in Morocco: How much is the hidden contribution of the government through free services?","Akhnif EH, Mataria A, Belmadani A, Bigdeli M.","Health Econ Rev. 2024 Nov 26;14(1):97. doi: 10.1186/s13561-024-00579-3.","Akhnif EH","Health Econ Rev","2024","2024/11/26","PMC11590451","","10.1186/s13561-024-00579-3"
"39572531","In-context learning enables multimodal large language models to classify cancer pathology images","Ferber D, Wölflein G, Wiest IC, Ligero M, Sainath S, Ghaffari Laleh N, El Nahhas OSM, Müller-Franzes G, Jäger D, Truhn D, Kather JN.","Nat Commun. 2024 Nov 21;15(1):10104. doi: 10.1038/s41467-024-51465-9.","Ferber D","Nat Commun","2024","2024/11/21","PMC11582649","","10.1038/s41467-024-51465-9"
"39399421","Pdk3's role in RANKL-induced osteoclast differentiation: insights from a bone marrow macrophage model","Zhang N, Wang L, Ye X.","PeerJ. 2024 Oct 9;12:e18222. doi: 10.7717/peerj.18222. eCollection 2024.","Zhang N","PeerJ","2024","2024/10/14","PMC11470767","","10.7717/peerj.18222"
"40125420","HATs: Hierarchical Adaptive Taxonomy Segmentation for Panoramic Pathology Image Analysis","Deng R, Liu Q, Cui C, Yao T, Xiong J, Bao S, Li H, Yin M, Wang Y, Zhao S, Tang Y, Yang H, Huo Y.","Med Image Comput Comput Assist Interv. 2024 Oct;15004:155-166. doi: 10.1007/978-3-031-72083-3_15. Epub 2024 Oct 14.","Deng R","Med Image Comput Comput Assist Interv","2024","2025/03/24","PMC11927787","NIHMS2022025","10.1007/978-3-031-72083-3_15"
"39353282","Damping excessive viral-induced IFN-γ rescues the impaired anti-Aspergillus host immune response in influenza-associated pulmonary aspergillosis","Seldeslachts L, Staels F, Gkountzinopoulou M, Jacobs C, Tielemans B, Vanhoffelen E, Reséndiz-Sharpe A, De Herdt L, Haughton J, Prezzemolo T, Burton O, Feys S, van de Veerdonk FL, Carvalho A, Naesens L, Matthys P, Lagrou K, Verbeken E, Chamilos G, Wauters J, Humblet-Baron S, Vande Velde G.","EBioMedicine. 2024 Oct;108:105347. doi: 10.1016/j.ebiom.2024.105347. Epub 2024 Sep 30.","Seldeslachts L","EBioMedicine","2024","2024/10/01","PMC11472711","","10.1016/j.ebiom.2024.105347"
"39353281","Influence of Th1 versus Th2 immune bias on viral, pathological, and immunological dynamics in SARS-CoV-2 variant-infected human ACE2 knock-in mice","Verma SK, Ana-Sosa-Batiz F, Timis J, Shafee N, Maule E, Pinto PBA, Conner C, Valentine KM, Cowley DO, Miller R, Elong Ngono A, Tran L, Varghese K, Dos Santos Alves RP, Hastie KM, Saphire EO, Webb DR, Jarnagin K, Kim K, Shresta S.","EBioMedicine. 2024 Oct;108:105361. doi: 10.1016/j.ebiom.2024.105361. Epub 2024 Sep 30.","Verma SK","EBioMedicine","2024","2024/10/01","PMC11472634","","10.1016/j.ebiom.2024.105361"
"39266446","Scaling data toward pan-cancer foundation models","Khalili N, Ciompi F.","Trends Cancer. 2024 Oct;10(10):871-872. doi: 10.1016/j.trecan.2024.08.008. Epub 2024 Sep 11.","Khalili N","Trends Cancer","2024","2024/09/12","","","10.1016/j.trecan.2024.08.008"
"39232164","A pathology foundation model for cancer diagnosis and prognosis prediction","Wang X, Zhao J, Marostica E, Yuan W, Jin J, Zhang J, Li R, Tang H, Wang K, Li Y, Wang F, Peng Y, Zhu J, Zhang J, Jackson CR, Zhang J, Dillon D, Lin NU, Sholl L, Denize T, Meredith D, Ligon KL, Signoretti S, Ogino S, Golden JA, Nasrallah MP, Han X, Yang S, Yu KH.","Nature. 2024 Oct;634(8035):970-978. doi: 10.1038/s41586-024-07894-z. Epub 2024 Sep 4.","Wang X","Nature","2024","2024/09/04","PMC12186853","NIHMS2083991","10.1038/s41586-024-07894-z"
"39039250","A foundation model for clinical-grade computational pathology and rare cancers detection","Vorontsov E, Bozkurt A, Casson A, Shaikovski G, Zelechowski M, Severson K, Zimmermann E, Hall J, Tenenholtz N, Fusi N, Yang E, Mathieu P, van Eck A, Lee D, Viret J, Robert E, Wang YK, Kunz JD, Lee MCH, Bernhard JH, Godrich RA, Oakley G, Millar E, Hanna M, Wen H, Retamero JA, Moye WA, Yousfi R, Kanan C, Klimstra DS, Rothrock B, Liu S, Fuchs TJ.","Nat Med. 2024 Oct;30(10):2924-2935. doi: 10.1038/s41591-024-03141-0. Epub 2024 Jul 22.","Vorontsov E","Nat Med","2024","2024/07/22","PMC11485232","","10.1038/s41591-024-03141-0"
"39381200","Rat shoulder contracture models: Techniques, evaluation, pathophysiology, and applications in developing treatment interventions","Yuan X, Feng S, Xiao W, Li J, He Y, Zhou F, Liu X.","Heliyon. 2024 Sep 14;10(18):e37936. doi: 10.1016/j.heliyon.2024.e37936. eCollection 2024 Sep 30.","Yuan X","Heliyon","2024","2024/10/09","PMC11458964","","10.1016/j.heliyon.2024.e37936"
"39284813","Leveraging immuno-fluorescence data to reduce pathologist annotation requirements in lung tumor segmentation using deep learning","Mehrabian H, Brodbeck J, Lyu P, Vaquero E, Aggarwal A, Diehl L.","Sci Rep. 2024 Sep 16;14(1):21643. doi: 10.1038/s41598-024-69244-3.","Mehrabian H","Sci Rep","2024","2024/09/16","PMC11405770","","10.1038/s41598-024-69244-3"
"39273659","Insights into the Pathobiology of GM1 Gangliosidosis from Single-Nucleus Transcriptomic Analysis of CNS Cells in a Mouse Model","Liu S, Xie T, Huang Y.","Int J Mol Sci. 2024 Sep 8;25(17):9712. doi: 10.3390/ijms25179712.","Liu S","Int J Mol Sci","2024","2024/09/14","PMC11395632","","10.3390/ijms25179712"
"39237596","Cross-modal deep learning model for predicting pathologic complete response to neoadjuvant chemotherapy in breast cancer","Guo J, Chen B, Cao H, Dai Q, Qin L, Zhang J, Zhang Y, Zhang H, Sui Y, Chen T, Yang D, Gong X, Li D.","NPJ Precis Oncol. 2024 Sep 5;8(1):189. doi: 10.1038/s41698-024-00678-8.","Guo J","NPJ Precis Oncol","2024","2024/09/05","PMC11377584","","10.1038/s41698-024-00678-8"
"39197222","Developing a low-cost, open-source, locally manufactured workstation and computational pipeline for automated histopathology evaluation using deep learning","Choudhury D, Dolezal JM, Dyer E, Kochanny S, Ramesh S, Howard FM, Margalus JR, Schroeder A, Schulte J, Garassino MC, Kather JN, Pearson AT.","EBioMedicine. 2024 Sep;107:105276. doi: 10.1016/j.ebiom.2024.105276. Epub 2024 Aug 27.","Choudhury D","EBioMedicine","2024","2024/08/28","PMC11399610","","10.1016/j.ebiom.2024.105276"
"39183331","Pathological characteristics of axons and alterations of proteomic and lipidomic profiles in midbrain dopaminergic neurodegeneration induced by WDR45-deficiency","Wang P, Shao Y, Al-Nusaif M, Zhang J, Yang H, Yang Y, Kim K, Li S, Liu C, Cai H, Le W.","Mol Neurodegener. 2024 Aug 26;19(1):62. doi: 10.1186/s13024-024-00746-4.","Wang P","Mol Neurodegener","2024","2024/08/25","PMC11346282","","10.1186/s13024-024-00746-4"
"39309419","Hemodynamic characteristics of vertebrobasilar artery fenestration combined with vertebrobasilar dolichoectasia: a study based on magnetic resonance angiography","Chen XQ, Jiang J, Xing J, Ming ZK, Zhu M, Bao Q, Hu MC.","Am J Nucl Med Mol Imaging. 2024 Aug 25;14(4):253-260. doi: 10.62347/TLNN8316. eCollection 2024.","Chen XQ","Am J Nucl Med Mol Imaging","2024","2024/09/23","PMC11411188","","10.62347/TLNN8316"
"39154006","Machine learning quantification of Amyloid-β deposits in the temporal lobe of 131 brain bank cases","Scalco R, Oliveira LC, Lai Z, Harvey DJ, Abujamil L, DeCarli C, Jin LW, Chuah CN, Dugger BN.","Acta Neuropathol Commun. 2024 Aug 17;12(1):134. doi: 10.1186/s40478-024-01827-7.","Scalco R","Acta Neuropathol Commun","2024","2024/08/17","PMC11330038","","10.1186/s40478-024-01827-7"
"38987116","A prognostic and predictive computational pathology immune signature for ductal carcinoma in situ: retrospective results from a cohort within the UK/ANZ DCIS trial","Li H, Aggarwal A, Toro P, Fu P, Badve SS, Cuzick J, Madabhushi A, Thorat MA.","Lancet Digit Health. 2024 Aug;6(8):e562-e569. doi: 10.1016/S2589-7500(24)00116-X. Epub 2024 Jul 9.","Li H","Lancet Digit Health","2024","2024/07/10","","","10.1016/S2589-7500(24)00116-X"
"39001452","Enhancing Medical Imaging Segmentation with GB-SAM: A Novel Approach to Tissue Segmentation Using Granular Box Prompts","Villanueva-Miranda I, Rong R, Quan P, Wen Z, Zhan X, Yang DM, Chi Z, Xie Y, Xiao G.","Cancers (Basel). 2024 Jun 28;16(13):2391. doi: 10.3390/cancers16132391.","Villanueva-Miranda I","Cancers (Basel)","2024","2024/07/13","PMC11240495","","10.3390/cancers16132391"
"38983356","From the mathematical model to the patient: The scientific and human aspects of artificial intelligence in gastrointestinal surgery","Arredondo Montero J.","World J Gastrointest Surg. 2024 Jun 27;16(6):1517-1520. doi: 10.4240/wjgs.v16.i6.1517.","Arredondo Montero J","World J Gastrointest Surg","2024","2024/07/10","PMC11230006","","10.4240/wjgs.v16.i6.1517"
"38887537","Comparison of gut microbiota immunity and pathology in specific-pathogen-free chickens with glandular and muscular gastritis using different methods","Yan Z, Yang S, Lin S, Zhao Z, Liu Y, Yin B, Yi Y, Song S, Zhang R, Huang Z.","Front Vet Sci. 2024 Jun 3;11:1343768. doi: 10.3389/fvets.2024.1343768. eCollection 2024.","Yan Z","Front Vet Sci","2024","2024/06/18","PMC11180906","","10.3389/fvets.2024.1343768"
"38923794","Ascaris Mouse Model Protocols: Advancing Research on Larval Ascariasis Biology","de Almeida Lopes C, Wang J, Liffner B, Absalon S, Gazzinelli-Guimaraes PH.","Curr Protoc. 2024 Jun;4(6):e1074. doi: 10.1002/cpz1.1074.","de Almeida Lopes C","Curr Protoc","2024","2024/06/26","PMC11215937","NIHMS1996713","10.1002/cpz1.1074"
"38821021","Synthetically enhanced: unveiling synthetic data's potential in medical imaging research","Khosravi B, Li F, Dapamede T, Rouzrokh P, Gamble CU, Trivedi HM, Wyles CC, Sellergren AB, Purkayastha S, Erickson BJ, Gichoya JW.","EBioMedicine. 2024 Jun;104:105174. doi: 10.1016/j.ebiom.2024.105174. Epub 2024 May 30.","Khosravi B","EBioMedicine","2024","2024/05/31","PMC11177083","","10.1016/j.ebiom.2024.105174"
"38778098","A whole-slide foundation model for digital pathology from real-world data","Xu H, Usuyama N, Bagga J, Zhang S, Rao R, Naumann T, Wong C, Gero Z, González J, Gu Y, Xu Y, Wei M, Wang W, Ma S, Wei F, Yang J, Li C, Gao J, Rosemon J, Bower T, Lee S, Weerasinghe R, Wright BJ, Robicsek A, Piening B, Bifulco C, Wang S, Poon H.","Nature. 2024 Jun;630(8015):181-188. doi: 10.1038/s41586-024-07441-w. Epub 2024 May 22.","Xu H","Nature","2024","2024/05/22","PMC11153137","","10.1038/s41586-024-07441-w"
"38817710","Automating aortic cross-sectional measurement of 3D aorta models","Bramlet M, Mohamadi S, Srinivas J, Dassanayaka T, Okammor T, Shadden M, Sutton BP.","J Med Imaging (Bellingham). 2024 May;11(3):034503. doi: 10.1117/1.JMI.11.3.034503. Epub 2024 May 29.","Bramlet M","J Med Imaging (Bellingham)","2024","2024/05/31","PMC11135202","","10.1117/1.JMI.11.3.034503"
"38618206","An artificial intelligence model for detecting pathological lymph node metastasis in prostate cancer using whole slide images: a retrospective, multicentre, diagnostic study","Wu S, Wang Y, Hong G, Luo Y, Lin Z, Shen R, Zeng H, Xu A, Wu P, Xiao M, Li X, Rao P, Yang Q, Feng Z, He Q, Jiang F, Xie Y, Liao C, Huang X, Chen R, Lin T.","EClinicalMedicine. 2024 Apr 5;71:102580. doi: 10.1016/j.eclinm.2024.102580. eCollection 2024 May.","Wu S","EClinicalMedicine","2024","2024/04/15","PMC11015342","","10.1016/j.eclinm.2024.102580"
"37838218","Report of the 2022 Banff Heart Concurrent: Focus on non-human leukocyte antigen antibodies in rejection and the pathology of ""mixed"" rejection","Fedrigo M, Berry GJ, Coutance G, Reed EF, Lin CY, Giarraputo A, Kransdorf E, Thaunat O, Goddard M, Angelini A, Neil DAH, Bruneval P, Duong Van Huyen JP, Loupy A, Miller DV.","Am J Transplant. 2024 Apr;24(4):533-541. doi: 10.1016/j.ajt.2023.10.004. Epub 2023 Oct 12.","Fedrigo M","Am J Transplant","2024","2023/10/14","","","10.1016/j.ajt.2023.10.004"
"38553684","Transcriptional and metabolic effects of aspartate-glutamate carrier isoform 1 (AGC1) downregulation in mouse oligodendrocyte precursor cells (OPCs)","Balboni N, Babini G, Poeta E, Protti M, Mercolini L, Magnifico MC, Barile SN, Massenzio F, Pignataro A, Giorgi FM, Lasorsa FM, Monti B.","Cell Mol Biol Lett. 2024 Mar 29;29(1):44. doi: 10.1186/s11658-024-00563-z.","Balboni N","Cell Mol Biol Lett","2024","2024/03/30","PMC10979587","","10.1186/s11658-024-00563-z"
"38671969","Models of Trigeminal Activation: Is There an Animal Model of Migraine?","Spekker E, Fejes-Szabó A, Nagy-Grócz G.","Brain Sci. 2024 Mar 27;14(4):317. doi: 10.3390/brainsci14040317.","Spekker E","Brain Sci","2024","2024/04/27","PMC11048078","","10.3390/brainsci14040317"
"38538082","Comparative In Vivo Imaging of Retinal Structures in Tree Shrews, Humans, and Mice","Grannonico M, Miller DA, Liu M, Krause MA, Savier E, Erisir A, Netland PA, Cang J, Zhang HF, Liu X.","eNeuro. 2024 Mar 27;11(3):ENEURO.0373-23.2024. doi: 10.1523/ENEURO.0373-23.2024. Print 2024 Mar.","Grannonico M","eNeuro","2024","2024/03/27","PMC10972737","","10.1523/ENEURO.0373-23.2024"
"38464319","Skeletal muscle effects of antisense oligonucleotides targeting glycogen synthase 1 in a mouse model of Pompe disease","Weiss L, Carrer M, Shmara A, Cheng C, Yin H, Ta L, Boock V, Fazeli Y, Chang M, Paguio M, Lee J, Yu H, Martin A, Raben N, Weiss J, Grossman T, Jafar-Nejad P, Kimonis V.","bioRxiv [Preprint]. 2024 Mar 2:2024.02.22.580414. doi: 10.1101/2024.02.22.580414.","Weiss L","bioRxiv","2024","2024/03/11","PMC10925133","","10.1101/2024.02.22.580414"
"38504018","Towards a general-purpose foundation model for computational pathology","Chen RJ, Ding T, Lu MY, Williamson DFK, Jaume G, Song AH, Chen B, Zhang A, Shao D, Shaban M, Williams M, Oldenburg L, Weishaupt LL, Wang JJ, Vaidya A, Le LP, Gerber G, Sahai S, Williams W, Mahmood F.","Nat Med. 2024 Mar;30(3):850-862. doi: 10.1038/s41591-024-02857-3. Epub 2024 Mar 19.","Chen RJ","Nat Med","2024","2024/03/20","PMC11403354","NIHMS2015612","10.1038/s41591-024-02857-3"
"38504017","A visual-language foundation model for computational pathology","Lu MY, Chen B, Williamson DFK, Chen RJ, Liang I, Ding T, Jaume G, Odintsov I, Le LP, Gerber G, Parwani AV, Zhang A, Mahmood F.","Nat Med. 2024 Mar;30(3):863-874. doi: 10.1038/s41591-024-02856-4. Epub 2024 Mar 19.","Lu MY","Nat Med","2024","2024/03/20","PMC11384335","NIHMS2015817","10.1038/s41591-024-02856-4"
"38401330","Development of an implantable trapezium carpal bone replacement for measuring in vivo loads at the base of the thumb","Crisco JJ, Henke JA, McDermott DG, Badida R, Morton AM, Kalshoven JM, Moore DC.","J Biomech. 2024 Mar;165:112013. doi: 10.1016/j.jbiomech.2024.112013. Epub 2024 Feb 21.","Crisco JJ","J Biomech","2024","2024/02/24","PMC10956735","NIHMS1972040","10.1016/j.jbiomech.2024.112013"
"38377795","Decentralised, collaborative, and privacy-preserving machine learning for multi-hospital data","Fang C, Dziedzic A, Zhang L, Oliva L, Verma A, Razak F, Papernot N, Wang B.","EBioMedicine. 2024 Mar;101:105006. doi: 10.1016/j.ebiom.2024.105006. Epub 2024 Feb 19.","Fang C","EBioMedicine","2024","2024/02/20","PMC10884342","","10.1016/j.ebiom.2024.105006"
"39670062","Invasive carcinoma segmentation in whole slide images using MS-ResMTUNet","Liu Y, Shi H, He Q, Fu Y, Wang Y, He Y, Han A, Guan T.","Heliyon. 2024 Feb 19;10(4):e26413. doi: 10.1016/j.heliyon.2024.e26413. eCollection 2024 Feb 29.","Liu Y","Heliyon","2024","2024/12/13","PMC11636800","","10.1016/j.heliyon.2024.e26413"
"38476659","Modeling sporadic Alzheimer's disease in mice by combining Apolipoprotein E4 risk gene with environmental risk factors","Ganesan K, Rentsch P, Langdon A, Milham LT, Vissel B.","Front Aging Neurosci. 2024 Feb 27;16:1357405. doi: 10.3389/fnagi.2024.1357405. eCollection 2024.","Ganesan K","Front Aging Neurosci","2024","2024/03/13","PMC10927790","","10.3389/fnagi.2024.1357405"
"38376896","AI Education for Fourth-Year Medical Students: Two-Year Experience of a Web-Based, Self-Guided Curriculum and Mixed Methods Study","Abid A, Murugan A, Banerjee I, Purkayastha S, Trivedi H, Gichoya J.","JMIR Med Educ. 2024 Feb 20;10:e46500. doi: 10.2196/46500.","Abid A","JMIR Med Educ","2024","2024/02/20","PMC10915728","","10.2196/46500"
"38384482","Gene-dosage- and sex-dependent differences in the prodromal-Like phase of the F344tgHD rat model for Huntington disease","Ratz-Wirsching V, Habermeyer J, Moceri S, Harrer J, Schmitz C, von Hörsten S.","Front Neurosci. 2024 Feb 7;18:1354977. doi: 10.3389/fnins.2024.1354977. eCollection 2024.","Ratz-Wirsching V","Front Neurosci","2024","2024/02/22","PMC10879377","","10.3389/fnins.2024.1354977"
"38765185","Adapting SAM to Histopathology Images for Tumor Bud Segmentation in Colorectal Cancer","Su Z, Chen W, Annem S, Sajjad U, Rezapour M, Frankel WL, Gurcan MN, Niazi MKK.","Proc SPIE Int Soc Opt Eng. 2024 Feb;12933:129330C. doi: 10.1117/12.3006517. Epub 2024 Apr 3.","Su Z","Proc SPIE Int Soc Opt Eng","2024","2024/05/20","PMC11099868","NIHMS1989194","10.1117/12.3006517"
"37812770","Using machine learning to develop smart reflex testing protocols","McDermott M, Dighe A, Szolovits P, Luo Y, Baron J.","J Am Med Inform Assoc. 2024 Jan 18;31(2):416-425. doi: 10.1093/jamia/ocad187.","McDermott M","J Am Med Inform Assoc","2024","2023/10/09","PMC10797267","","10.1093/jamia/ocad187"
"37971879","Chronic graft-versus-host disease detected by tissue-specific cell-free DNA methylation biomarkers","Avni B, Neiman D, Shaked E, Gal-Rosenberg O, Grisariu S, Kuzli M, Avni I, Fracchia A, Stepensky P, Zuckerman T, Lev-Sagie A, Fox-Fisher I, Piyanzin S, Moss J, Salpeter SJ, Glaser B, Shemer R, Dor Y.","J Clin Invest. 2024 Jan 16;134(2):e163541. doi: 10.1172/JCI163541.","Avni B","J Clin Invest","2024","2023/11/16","PMC10786696","","10.1172/JCI163541"
"38261897","Comparing three-dimensional and two-dimensional deep-learning, radiomics, and fusion models for predicting occult lymph node metastasis in laryngeal squamous cell carcinoma based on CT imaging: a multicentre, retrospective, diagnostic study","Wang W, Liang H, Zhang Z, Xu C, Wei D, Li W, Qian Y, Zhang L, Liu J, Lei D.","EClinicalMedicine. 2024 Jan 3;67:102385. doi: 10.1016/j.eclinm.2023.102385. eCollection 2024 Jan.","Wang W","EClinicalMedicine","2024","2024/01/23","PMC10796944","","10.1016/j.eclinm.2023.102385"
"37996339","Operational greenhouse-gas emissions of deep learning in digital pathology: a modelling study","Vafaei Sadr A, Bülow R, von Stillfried S, Schmitz NEJ, Pilva P, Hölscher DL, Ha PP, Schweiker M, Boor P.","Lancet Digit Health. 2024 Jan;6(1):e58-e69. doi: 10.1016/S2589-7500(23)00219-4. Epub 2023 Nov 22.","Vafaei Sadr A","Lancet Digit Health","2024","2023/11/23","PMC10728828","","10.1016/S2589-7500(23)00219-4"
"38035463","NIR-II fluorescence-guided liver cancer surgery by a small molecular HDAC6 targeting probe","Wang B, Tang C, Lin E, Jia X, Xie G, Li P, Li D, Yang Q, Guo X, Cao C, Shi X, Zou B, Cai C, Tian J, Hu Z, Li J.","EBioMedicine. 2023 Dec;98:104880. doi: 10.1016/j.ebiom.2023.104880. Epub 2023 Nov 29.","Wang B","EBioMedicine","2023","2023/11/30","PMC10698675","","10.1016/j.ebiom.2023.104880"
"37334036","Evaluating the Performance of ChatGPT in Ophthalmology: An Analysis of Its Successes and Shortcomings","Antaki F, Touma S, Milad D, El-Khoury J, Duval R.","Ophthalmol Sci. 2023 May 5;3(4):100324. doi: 10.1016/j.xops.2023.100324. eCollection 2023 Dec.","Antaki F","Ophthalmol Sci","2023","2023/06/19","PMC10272508","","10.1016/j.xops.2023.100324"
"37876818","A multi-center performance assessment for automated histopathological classification and grading of glioma using whole slide images","Jin L, Sun T, Liu X, Cao Z, Liu Y, Chen H, Ma Y, Zhang J, Zou Y, Liu Y, Shi F, Shen D, Wu J.","iScience. 2023 Sep 29;26(11):108041. doi: 10.1016/j.isci.2023.108041. eCollection 2023 Nov 17.","Jin L","iScience","2023","2023/10/25","PMC10590813","","10.1016/j.isci.2023.108041"
"37889004","Preclinical screen for protection efficacy of chlamydial antigens that are immunogenic in humans","Lu C, Wang J, Zhong G.","Infect Immun. 2023 Nov 16;91(11):e0034923. doi: 10.1128/iai.00349-23. Epub 2023 Oct 27.","Lu C","Infect Immun","2023","2023/10/27","PMC10652899","","10.1128/iai.00349-23"
"37998895","Optimization of Aspergillus versicolor Culture and Aerosolization in a Murine Model of Inhalational Fungal Exposure","Blackwood CB, Croston TL, Barnes MA, Lemons AR, Rush RE, Goldsmith T, McKinney WG, Anderson S, Weaver KL, Sulyok M, Park JH, Germolec D, Beezhold DH, Green B.","J Fungi (Basel). 2023 Nov 8;9(11):1090. doi: 10.3390/jof9111090.","Blackwood CB","J Fungi (Basel)","2023","2023/11/24","PMC10672600","","10.3390/jof9111090"
"37757969","Revolutionizing Digital Pathology With the Power of Generative Artificial Intelligence and Foundation Models","Waqas A, Bui MM, Glassy EF, El Naqa I, Borkowski P, Borkowski AA, Rasool G.","Lab Invest. 2023 Nov;103(11):100255. doi: 10.1016/j.labinv.2023.100255. Epub 2023 Sep 26.","Waqas A","Lab Invest","2023","2023/09/27","","","10.1016/j.labinv.2023.100255"
"37699318","A 4.7-kDa polysaccharide from Panax ginseng suppresses Aβ pathology via mitophagy activation in cross-species Alzheimer's disease models","Zhang S, Liu F, Li J, Jing C, Lu J, Chen X, Wang D, Cao D, Zhao D, Sun L.","Biomed Pharmacother. 2023 Nov;167:115442. doi: 10.1016/j.biopha.2023.115442. Epub 2023 Sep 10.","Zhang S","Biomed Pharmacother","2023","2023/09/12","","","10.1016/j.biopha.2023.115442"
"37891634","Unfolded protein response pathways in stroke patients: a comprehensive landscape assessed through machine learning algorithms and experimental verification","Yu H, Ji X, Ouyang Y.","J Transl Med. 2023 Oct 27;21(1):759. doi: 10.1186/s12967-023-04567-9.","Yu H","J Transl Med","2023","2023/10/27","PMC10605787","","10.1186/s12967-023-04567-9"
"37745587","WCRC-25: A novel luminal Invasive Lobular Carcinoma cell line model","Elangovan A, Bossart EA, Basudan A, Tasdemir N, Shah OS, Ding K, Meier C, Heim T, Neumann C, Attaran S, Brown L, Hooda J, Miller L, Liu T, Puhalla SL, Gurda G, Lucas PC, McAuliffe PF, Atkinson JM, Lee AV, Oesterreich S.","bioRxiv [Preprint]. 2023 Sep 17:2023.09.15.558023. doi: 10.1101/2023.09.15.558023.","Elangovan A","bioRxiv","2023","2023/09/25","PMC10516031","","10.1101/2023.09.15.558023"
"37759477","Transcriptomic Analysis in the Hippocampus and Retina of Tg2576 AD Mice Reveals Defective Mitochondrial Oxidative Phosphorylation and Recovery by Tau 12A12mAb Treatment","Morello G, Guarnaccia M, La Cognata V, Latina V, Calissano P, Amadoro G, Cavallaro S.","Cells. 2023 Sep 12;12(18):2254. doi: 10.3390/cells12182254.","Morello G","Cells","2023","2023/09/28","PMC10527038","","10.3390/cells12182254"
"37609338","Microglial cGAS deletion protects against amyloid-β induced Alzheimer's disease pathogenesis","He S, Li X, Mittra N, Bhattacharjee A, Wang H, Zhao S, Liu F, Han X.","bioRxiv [Preprint]. 2023 Aug 8:2023.08.07.552300. doi: 10.1101/2023.08.07.552300.","He S","bioRxiv","2023","2023/08/23","PMC10441288","","10.1101/2023.08.07.552300"
"37584674","In vivo performance of a tri-leaflet mechanical heart valve prosthesis in an ovine model","Langenaeken T, De Meester P, Verbrugghe P, Rega F, Lamberigts M, Van Hecke M, Van Hoof L, Meuris B.","Interdiscip Cardiovasc Thorac Surg. 2023 Aug 3;37(2):ivad142. doi: 10.1093/icvts/ivad142.","Langenaeken T","Interdiscip Cardiovasc Thorac Surg","2023","2023/08/16","PMC10457726","","10.1093/icvts/ivad142"
"37459065","Aqueous Humor TGF-β2 and Its Association With Intraocular Pressure in a Naturally Occurring Large Animal Model of Glaucoma","Oikawa K, Torne O, Sun D, Moon AKB, Kiland JA, Trane RM, McLellan GJ.","Invest Ophthalmol Vis Sci. 2023 Jul 3;64(10):18. doi: 10.1167/iovs.64.10.18.","Oikawa K","Invest Ophthalmol Vis Sci","2023","2023/07/17","PMC10362923","","10.1167/iovs.64.10.18"
"37342053","Establishment and Comparison of Two Different Animal Models of Graves' Orbitopathy","Wang W, Zhang JW, Qin YJ, Li HY, Dai YX, Li H.","Transl Vis Sci Technol. 2023 Jun 1;12(6):12. doi: 10.1167/tvst.12.6.12.","Wang W","Transl Vis Sci Technol","2023","2023/06/21","PMC10289271","","10.1167/tvst.12.6.12"
"37244159","Immunoscore immune checkpoint using spatial quantitative analysis of CD8 and PD-L1 markers is predictive of the efficacy of anti- PD1/PD-L1 immunotherapy in non-small cell lung cancer","Ghiringhelli F, Bibeau F, Greillier L, Fumet JD, Ilie A, Monville F, Laugé C, Catteau A, Boquet I, Majdi A, Morgand E, Oulkhouir Y, Brandone N, Adam J, Sbarrato T, Kassambara A, Fieschi J, Garcia S, Lepage AL, Tomasini P, Galon J.","EBioMedicine. 2023 Jun;92:104633. doi: 10.1016/j.ebiom.2023.104633. Epub 2023 May 25.","Ghiringhelli F","EBioMedicine","2023","2023/05/27","PMC10232659","","10.1016/j.ebiom.2023.104633"
"37283710","Introducing the Neuroplastic Narrative: a non-pathologizing biological foundation for trauma-informed and adverse childhood experience aware approaches","Peckham H.","Front Psychiatry. 2023 May 22;14:1103718. doi: 10.3389/fpsyt.2023.1103718. eCollection 2023.","Peckham H","Front Psychiatry","2023","2023/06/07","PMC10239852","","10.3389/fpsyt.2023.1103718"
"37292937","Pathological characteristics of axons and proteome patterns in midbrain dopaminergic neurodegeneration induced by WDR45-deficiency","Le W, Wang P, Al-Nusaif M, Zhang J, Yang H, Yang Y, Kim K, Li S, Liu C, Cai H.","Res Sq [Preprint]. 2023 May 18:rs.3.rs-2901370. doi: 10.21203/rs.3.rs-2901370/v1.","Le W","Res Sq","2023","2023/06/09","PMC10246098","","10.21203/rs.3.rs-2901370/v1"
"37201155","Combination of multi-modal MRI radiomics and liquid biopsy technique for preoperatively non-invasive diagnosis of glioma based on deep learning: protocol for a double-center, ambispective, diagnostical observational study","Hu P, Xu L, Qi Y, Yan T, Ye L, Wen S, Yuan D, Zhu X, Deng S, Liu X, Xu P, You R, Wang D, Liang S, Wu Y, Xu Y, Sun Q, Du S, Yuan Y, Deng G, Cheng J, Zhang D, Chen Q, Zhu X.","Front Mol Neurosci. 2023 May 2;16:1183032. doi: 10.3389/fnmol.2023.1183032. eCollection 2023.","Hu P","Front Mol Neurosci","2023","2023/05/18","PMC10185782","","10.3389/fnmol.2023.1183032"
"37118836","Microglial CD68 and L-ferritin upregulation in response to phosphorylated-TDP-43 pathology in the amyotrophic lateral sclerosis brain","Swanson MEV, Mrkela M, Murray HC, Cao MC, Turner C, Curtis MA, Faull RLM, Walker AK, Scotter EL.","Acta Neuropathol Commun. 2023 Apr 28;11(1):69. doi: 10.1186/s40478-023-01561-6.","Swanson MEV","Acta Neuropathol Commun","2023","2023/04/29","PMC10142752","","10.1186/s40478-023-01561-6"
"36982706","Circadian Oscillations in Skin and Their Interconnection with the Cycle of Life","Salazar A, von Hagen J.","Int J Mol Sci. 2023 Mar 15;24(6):5635. doi: 10.3390/ijms24065635.","Salazar A","Int J Mol Sci","2023","2023/03/29","PMC10051430","","10.3390/ijms24065635"
"36919160","Acupotomy Improves Synovial Hypoxia, Synovitis and Angiogenesis in KOA Rabbits","Guo Y, Xu Y, He M, Chen X, Xing L, Hu T, Zhang Y, Du M, Zhang D, Zhang Q, Li B.","J Pain Res. 2023 Mar 8;16:749-760. doi: 10.2147/JPR.S396955. eCollection 2023.","Guo Y","J Pain Res","2023","2023/03/15","PMC10008338","","10.2147/JPR.S396955"
"36736132","Antibody gene transfer treatment drastically improves epidermal pathology in a keratitis ichthyosis deafness syndrome model using male mice","Peres C, Sellitto C, Nardin C, Putti S, Orsini T, Di Pietro C, Marazziti D, Vitiello A, Calistri A, Rigamonti M, Scavizzi F, Raspa M, Zonta F, Yang G, White TW, Mammano F.","EBioMedicine. 2023 Mar;89:104453. doi: 10.1016/j.ebiom.2023.104453. Epub 2023 Feb 1.","Peres C","EBioMedicine","2023","2023/02/03","PMC9926223","","10.1016/j.ebiom.2023.104453"
"36875069","Thermoneutral housing shapes hepatic inflammation and damage in mouse models of non-alcoholic fatty liver disease","Oates JR, Sawada K, Giles DA, Alarcon PC, Damen MSMA, Szabo S, Stankiewicz TE, Moreno-Fernandez ME, Divanovic S.","Front Immunol. 2023 Feb 17;14:1095132. doi: 10.3389/fimmu.2023.1095132. eCollection 2023.","Oates JR","Front Immunol","2023","2023/03/06","PMC9982161","","10.3389/fimmu.2023.1095132"
"36776825","Using Machine Learning to Develop Smart Reflex Testing Protocols","McDermott M, Dighe A, Szolovits P, Luo Y, Baron J.","ArXiv [Preprint]. 2023 Feb 1:arXiv:2302.00794v1.","McDermott M","ArXiv","2023","2023/02/13","PMC9915755","",""
"36723965","Identifying and Overcoming Challenges in Developing Effective Treatments for Usher 1B: A Workshop Report","Boye SE, Durham T, Laster A, Gelfman CM, Sahel JA.","Transl Vis Sci Technol. 2023 Feb 1;12(2):2. doi: 10.1167/tvst.12.2.2.","Boye SE","Transl Vis Sci Technol","2023","2023/02/01","PMC9904327","","10.1167/tvst.12.2.2"
"36712026","APOE3 Christchurch modulates tau phosphorylation and β-catenin/Wnt/Cadherin signaling in induced pluripotent stem cell-derived cerebral organoids from Alzheimer's cases","Mazzarino RC, Perez-Corredor P, Vanderleest TE, Vacano GN, Sanchez JS, Villalba-Moreno ND, Krausemann S, Mendivil-Perez MA, Aguillón D, Jimenez-Del-Río M, Baena A, Sepulveda-Falla D, Lopera FJ, Quiroz YT, Arboleda-Velasquez JF.","bioRxiv [Preprint]. 2023 Jan 13:2023.01.11.523290. doi: 10.1101/2023.01.11.523290.","Mazzarino RC","bioRxiv","2023","2023/01/30","PMC9882052","","10.1101/2023.01.11.523290"
"36607335","Multimodal brain age estimates relate to Alzheimer disease biomarkers and cognition in early stages: a cross-sectional observational study","Millar PR, Gordon BA, Luckett PH, Benzinger TLS, Cruchaga C, Fagan AM, Hassenstab JJ, Perrin RJ, Schindler SE, Allegri RF, Day GS, Farlow MR, Mori H, Nübling G; Dominantly Inherited Alzheimer Network; Bateman RJ, Morris JC, Ances BM.","Elife. 2023 Jan 6;12:e81869. doi: 10.7554/eLife.81869.","Millar PR","Elife","2023","2023/01/06","PMC9988262","","10.7554/eLife.81869"
"36174951","Comparative proteomic changes in rabbit vocal folds undergoing systemic dehydration and systemic rehydration","Bailey TW, do Nascimento NC, Dos Santos AP, Sivasankar MP, Cox A.","J Proteomics. 2023 Jan 6;270:104734. doi: 10.1016/j.jprot.2022.104734. Epub 2022 Sep 27.","Bailey TW","J Proteomics","2023","2022/09/29","PMC9851386","NIHMS1859395","10.1016/j.jprot.2022.104734"
"36577348","An accurate prediction of the origin for bone metastatic cancer using deep learning on digital pathological images","Zhu L, Shi H, Wei H, Wang C, Shi S, Zhang F, Yan R, Liu Y, He T, Wang L, Cheng J, Duan H, Du H, Meng F, Zhao W, Gu X, Guo L, Ni Y, He Y, Guan T, Han A.","EBioMedicine. 2023 Jan;87:104426. doi: 10.1016/j.ebiom.2022.104426. Epub 2022 Dec 26.","Zhu L","EBioMedicine","2023","2022/12/28","PMC9803701","","10.1016/j.ebiom.2022.104426"
"36442732","Modeling the dynamics of cerebrovascular reactivity to carbon dioxide in fMRI under task and resting-state conditions","Shams S, Prokopiou P, Esmaelbeigi A, Mitsis GD, Chen JJ.","Neuroimage. 2023 Jan;265:119758. doi: 10.1016/j.neuroimage.2022.119758. Epub 2022 Nov 25.","Shams S","Neuroimage","2023","2022/11/28","","","10.1016/j.neuroimage.2022.119758"
"36425869","Molecular diagnosis of pancreatobiliary tract cancer by detecting mutations and methylation changes in bile samples","He S, Zeng F, Yin H, Wang P, Bai Y, Song Q, Chu J, Huang Z, Liu Y, Liu H, Chen Q, Liu L, Zhou J, Hu H, Li X, Li T, Wang G, Cai J, Jiao Y, Zhao H.","EClinicalMedicine. 2022 Nov 17;55:101736. doi: 10.1016/j.eclinm.2022.101736. eCollection 2023 Jan.","He S","EClinicalMedicine","2022","2022/11/25","PMC9678809","","10.1016/j.eclinm.2022.101736"
"35388887","A mitochondrial long-chain fatty acid oxidation defect leads to transfer RNA uncharging and activation of the integrated stress response in the mouse heart","Ranea-Robles P, Pavlova NN, Bender A, Pereyra AS, Ellis JM, Stauffer B, Yu C, Thompson CB, Argmann C, Puchowicz M, Houten SM.","Cardiovasc Res. 2022 Dec 29;118(16):3198-3210. doi: 10.1093/cvr/cvac050.","Ranea-Robles P","Cardiovasc Res","2022","2022/04/07","PMC9799058","","10.1093/cvr/cvac050"
"36518823","Time-dependent alterations in the rat nigrostriatal system after intrastriatal injection of fibrils formed by α-Syn and tau fragments","Yang X, Wang J, Zeng W, Zhang X, Yang X, Xu Y, Xu Y, Cao X.","Front Aging Neurosci. 2022 Nov 28;14:1049418. doi: 10.3389/fnagi.2022.1049418. eCollection 2022.","Yang X","Front Aging Neurosci","2022","2022/12/15","PMC9744116","","10.3389/fnagi.2022.1049418"
"36194021","Rift Valley Fever Virus Infects the Posterior Segment of the Eye and Induces Inflammation in a Rat Model of Ocular Disease","Schwarz MM, Connors KA, Davoli KA, McMillen CM, Albe JR, Hoehl RM, Demers MJ, Ganaie SS, Price DA, Leung DW, Amarasinghe GK, McElroy AK, Reed DS, Hartman AL.","J Virol. 2022 Oct 26;96(20):e0111222. doi: 10.1128/jvi.01112-22. Epub 2022 Oct 4.","Schwarz MM","J Virol","2022","2022/10/04","PMC9599513","","10.1128/jvi.01112-22"
"36248005","Deep brain stimulation in the globus pallidus alleviates motor activity defects and abnormal electrical activities of the parafascicular nucleus in parkinsonian rats","Xie J, Chen Z, He T, Zhu H, Chen T, Liu C, Fu X, Shen H, Li T.","Front Aging Neurosci. 2022 Sep 28;14:1020321. doi: 10.3389/fnagi.2022.1020321. eCollection 2022.","Xie J","Front Aging Neurosci","2022","2022/10/17","PMC9555567","","10.3389/fnagi.2022.1020321"
"36130946","Preclinical and randomized clinical evaluation of the p38α kinase inhibitor neflamapimod for basal forebrain cholinergic degeneration","Jiang Y, Alam JJ, Gomperts SN, Maruff P, Lemstra AW, Germann UA, Stavrides PH, Darji S, Malampati S, Peddy J, Bleiwas C, Pawlik M, Pensalfini A, Yang DS, Subbanna S, Basavarajappa BS, Smiley JF, Gardner A, Blackburn K, Chu HM, Prins ND, Teunissen CE, Harrison JE, Scheltens P, Nixon RA.","Nat Commun. 2022 Sep 21;13(1):5308. doi: 10.1038/s41467-022-32944-3.","Jiang Y","Nat Commun","2022","2022/09/21","PMC9492778","","10.1038/s41467-022-32944-3"
"35934899","Immune-mediated pathology as a consequence of impaired immune reactions: the IMPATH paradox","Ehl S, Thimme R.","Eur J Immunol. 2022 Sep;52(9):1386-1389. doi: 10.1002/eji.202250069. Epub 2022 Aug 7.","Ehl S","Eur J Immunol","2022","2022/08/08","","","10.1002/eji.202250069"
"36041762","Protocol for an observational study investigating hormones triggering the onset of sustained lactation: the INSIGHT study","Rostom H, Meng X, Price H, Fry A, Elajnaf T, Humphrey R, Guha N, James T, Kennedy SH, Hannan FM.","BMJ Open. 2022 Aug 30;12(8):e062478. doi: 10.1136/bmjopen-2022-062478.","Rostom H","BMJ Open","2022","2022/08/30","PMC9438014","","10.1136/bmjopen-2022-062478"
"35939437","Discovery of a novel natural product inhibitor of Clostridioides difficile with potent activity in vitro and in vivo","Pal R, Seleem MN.","PLoS One. 2022 Aug 8;17(8):e0267859. doi: 10.1371/journal.pone.0267859. eCollection 2022.","Pal R","PLoS One","2022","2022/08/08","PMC9359557","","10.1371/journal.pone.0267859"
"35956355","Cornuside Is a Potential Agent against Alzheimer's Disease via Orchestration of Reactive Astrocytes","Shi JZ, Zheng XM, Zhou YF, Yun LY, Luo DM, Hao JJ, Liu PF, Zhang WK, Xu JK, Yan Y, Xie XM, He YY, Pang XB.","Nutrients. 2022 Aug 3;14(15):3179. doi: 10.3390/nu14153179.","Shi JZ","Nutrients","2022","2022/08/12","PMC9370780","","10.3390/nu14153179"
"34181185","Intestinal Models for Personalized Medicine: from Conventional Models to Microfluidic Primary Intestine-on-a-chip","Li XG, Chen MX, Zhao SQ, Wang XQ.","Stem Cell Rev Rep. 2022 Aug;18(6):2137-2151. doi: 10.1007/s12015-021-10205-y. Epub 2021 Jun 28.","Li XG","Stem Cell Rev Rep","2022","2021/06/28","PMC8237043","","10.1007/s12015-021-10205-y"
"35867794","Uncovering temporospatial sensitive TBI targeting strategies via in vivo phage display","Martinez BI, Mousa GA, Fleck K, MacCulloch T, Diehnelt CW, Stephanopoulos N, Stabenfeldt SE.","Sci Adv. 2022 Jul 22;8(29):eabo5047. doi: 10.1126/sciadv.abo5047. Epub 2022 Jul 22.","Martinez BI","Sci Adv","2022","2022/07/22","PMC9307250","","10.1126/sciadv.abo5047"
"35855328","MiR-4763-3p targeting RASD2as a Potential Biomarker and Therapeutic Target for Schizophrenia","Wang J, Qi W, Shi H, Huang L, Ning F, Wang F, Wang K, Bai H, Wu H, Zhuang J, Hong H, Zhou H, Feng H, Zhou Y, Dong N, Liu L, Kong Y, Xie J, Zhao RC.","Aging Dis. 2022 Jul 11;13(4):1278-1292. doi: 10.14336/AD.2022.0103. eCollection 2022 Jul 11.","Wang J","Aging Dis","2022","2022/07/20","PMC9286908","","10.14336/AD.2022.0103"
"35753152","Clinical actionability of triaging DNA mismatch repair deficient colorectal cancer from biopsy samples using deep learning","Jiang W, Mei WJ, Xu SY, Ling YH, Li WR, Kuang JB, Li HS, Hui H, Li JB, Cai MY, Pan ZZ, Zhang HZ, Li L, Ding PR.","EBioMedicine. 2022 Jul;81:104120. doi: 10.1016/j.ebiom.2022.104120. Epub 2022 Jun 23.","Jiang W","EBioMedicine","2022","2022/06/26","PMC9240789","","10.1016/j.ebiom.2022.104120"
"35665681","Integrative analysis prioritised oxytocin-related biomarkers associated with the aetiology of autism spectrum disorder","Wang T, Zhao T, Liu L, Teng H, Fan T, Li Y, Wang Y, Li J, Xia K, Sun Z.","EBioMedicine. 2022 Jul;81:104091. doi: 10.1016/j.ebiom.2022.104091. Epub 2022 Jun 2.","Wang T","EBioMedicine","2022","2022/06/06","PMC9301877","","10.1016/j.ebiom.2022.104091"
"35500538","A low dose adenovirus vectored vaccine expressing Schistosoma mansoni Cathepsin B protects from intestinal schistosomiasis in mice","Perera DJ, Hassan AS, Liu SS, Elahi SM, Gadoury C, Weeratna RD, Gilbert R, Ndao M.","EBioMedicine. 2022 Jun;80:104036. doi: 10.1016/j.ebiom.2022.104036. Epub 2022 Apr 30.","Perera DJ","EBioMedicine","2022","2022/05/02","PMC9065910","","10.1016/j.ebiom.2022.104036"
"35610704","Agomelatine rescues lipopolysaccharide-induced neural injury and depression-like behaviors via suppression of the Gαi-2-PKA-ASK1 signaling pathway","Lan T, Wu Y, Zhang Y, Li S, Zhu Z, Wang L, Mao X, Li Y, Fan C, Wang W, Yu SY.","J Neuroinflammation. 2022 May 24;19(1):117. doi: 10.1186/s12974-022-02479-x.","Lan T","J Neuroinflammation","2022","2022/05/24","PMC9131561","","10.1186/s12974-022-02479-x"
"35349483","IgM anti-ACE2 autoantibodies in severe COVID-19 activate complement and perturb vascular endothelial function","Casciola-Rosen L, Thiemann DR, Andrade F, Trejo-Zambrano MI, Leonard EK, Spangler JB, Skinner NE, Bailey J, Yegnasubramanian S, Wang R, Vaghasia AM, Gupta A, Cox AL, Ray SC, Linville RM, Guo Z, Searson PC, Machamer CE, Desiderio S, Sauer LM, Laeyendecker O, Garibaldi BT, Gao L, Damarla M, Hassoun PM, Hooper JE, Mecoli CA, Christopher-Stine L, Gutierrez-Alamillo L, Yang Q, Hines D, Clarke WA, Rothman RE, Pekosz A, Fenstermacher KZ, Wang Z, Zeger SL, Rosen A.","JCI Insight. 2022 May 9;7(9):e158362. doi: 10.1172/jci.insight.158362.","Casciola-Rosen L","JCI Insight","2022","2022/03/29","PMC9090251","","10.1172/jci.insight.158362"
"35439679","Microgliosis and neuronal proteinopathy in brain persist beyond viral clearance in SARS-CoV-2 hamster model","Käufer C, Schreiber CS, Hartke AS, Denden I, Stanelle-Bertram S, Beck S, Kouassi NM, Beythien G, Becker K, Schreiner T, Schaumburg B, Beineke A, Baumgärtner W, Gabriel G, Richter F.","EBioMedicine. 2022 May;79:103999. doi: 10.1016/j.ebiom.2022.103999. Epub 2022 Apr 16.","Käufer C","EBioMedicine","2022","2022/04/19","PMC9013202","","10.1016/j.ebiom.2022.103999"
"35246493","Multimodal prognostic features of seizure freedom in epilepsy surgery","Alim-Marvasti A, Vakharia VN, Duncan JS.","J Neurol Neurosurg Psychiatry. 2022 May;93(5):499-508. doi: 10.1136/jnnp-2021-327119. Epub 2022 Mar 4.","Alim-Marvasti A","J Neurol Neurosurg Psychiatry","2022","2022/03/05","PMC9016256","","10.1136/jnnp-2021-327119"
"35573776","Time-Course Transcriptome Analysis of Lungs From Mice Infected With Hypervirulent Klebsiella pneumoniae via Aerosolized Intratracheal Inoculation","Zheng X, Guo J, Cao C, Qin T, Zhao Y, Song X, Lv M, Hu L, Zhang L, Zhou D, Fang T, Yang W.","Front Cell Infect Microbiol. 2022 Apr 27;12:833080. doi: 10.3389/fcimb.2022.833080. eCollection 2022.","Zheng X","Front Cell Infect Microbiol","2022","2022/05/16","PMC9097095","","10.3389/fcimb.2022.833080"
"35313950","Solving neurodegeneration: common mechanisms and strategies for new treatments","Wareham LK, Liddelow SA, Temple S, Benowitz LI, Di Polo A, Wellington C, Goldberg JL, He Z, Duan X, Bu G, Davis AA, Shekhar K, Torre A, Chan DC, Canto-Soler MV, Flanagan JG, Subramanian P, Rossi S, Brunner T, Bovenkamp DE, Calkins DJ.","Mol Neurodegener. 2022 Mar 21;17(1):23. doi: 10.1186/s13024-022-00524-0.","Wareham LK","Mol Neurodegener","2022","2022/03/22","PMC8935795","","10.1186/s13024-022-00524-0"
"35434019","A mouse model of exertional heatstroke-related acute kidney injury","Song R, Li Q, Hu J, Yi H, Mao Z, Zhou F.","Ann Transl Med. 2022 Mar;10(6):276. doi: 10.21037/atm-22-715.","Song R","Ann Transl Med","2022","2022/04/18","PMC9011261","","10.21037/atm-22-715"
"35220946","Machine learning-based survival rate prediction of Korean hepatocellular carcinoma patients using multi-center data","Noh B, Park YM, Kwon Y, Choi CI, Choi BK, Seo KI, Park YH, Yang K, Lee S, Ha T, Hyon Y, Yoon M.","BMC Gastroenterol. 2022 Feb 27;22(1):85. doi: 10.1186/s12876-022-02182-4.","Noh B","BMC Gastroenterol","2022","2022/02/28","PMC8882306","","10.1186/s12876-022-02182-4"
"35050902","Collision tumors revealed by prospectively assessing subtype-defining molecular alterations in 904 individual prostate cancer foci","Fontugne J, Cai PY, Alnajar H, Bhinder B, Park K, Ye H, Beg S, Sailer V, Siddiqui J, Blattner-Johnson M, Croyle JA, Noorzad Z, Calagua C, MacDonald TY, Axcrona U, Bogaard M, Axcrona K, Scherr DS, Sanda MG, Johannessen B, Chinnaiyan AM, Elemento O, Skotheim RI, Rubin MA, Barbieri CE, Mosquera JM.","JCI Insight. 2022 Feb 22;7(4):e155309. doi: 10.1172/jci.insight.155309.","Fontugne J","JCI Insight","2022","2022/01/20","PMC8876549","","10.1172/jci.insight.155309"
"34426940","Predicted Lifetime Health Outcomes for Aducanumab in Patients with Early Alzheimer's Disease","Herring WL, Gould IG, Fillit H, Lindgren P, Forrestal F, Thompson R, Pemberton-Ross P.","Neurol Ther. 2021 Dec;10(2):919-940. doi: 10.1007/s40120-021-00273-0. Epub 2021 Aug 23.","Herring WL","Neurol Ther","2021","2021/08/24","PMC8571451","","10.1007/s40120-021-00273-0"
"33503231","Pediatric Thromboelastograph 6s and Laboratory Coagulation Reference Values","Moynihan KM, Johnson K, Rane M, Norman A, Humphreys S, Stocker C, Gibbons K, Roy J.","Arch Pathol Lab Med. 2021 Nov 1;145(11):1413-1423. doi: 10.5858/arpa.2020-0647-OA.","Moynihan KM","Arch Pathol Lab Med","2021","2021/01/27","","","10.5858/arpa.2020-0647-OA"
"33430694","Implantation of Engineered Axon Tracts to Bridge Spinal Cord Injury Beyond the Glial Scar in Rats","Sullivan PZ, AlBayar A, Burrell JC, Browne KD, Arena J, Johnson V, Smith DH, Cullen DK, Ozturk AK.","Tissue Eng Part A. 2021 Oct;27(19-20):1264-1274. doi: 10.1089/ten.TEA.2020.0233. Epub 2021 Mar 8.","Sullivan PZ","Tissue Eng Part A","2021","2021/01/12","PMC8851225","","10.1089/ten.TEA.2020.0233"
"34658791","Molecular Expression Profile of Changes in Rat Acute Spinal Cord Injury","Wang JJ, Ye G, Ren H, An CR, Huang L, Chen H, Zhang H, Lin JX, Shen X, Heng BC, Zhou J.","Front Cell Neurosci. 2021 Sep 30;15:720271. doi: 10.3389/fncel.2021.720271. eCollection 2021.","Wang JJ","Front Cell Neurosci","2021","2021/10/18","PMC8516027","","10.3389/fncel.2021.720271"
"34133899","Contribution of SARS-CoV-2 Accessory Proteins to Viral Pathogenicity in K18 Human ACE2 Transgenic Mice","Silvas JA, Vasquez DM, Park JG, Chiem K, Allué-Guardia A, Garcia-Vilanova A, Platt RN, Miorin L, Kehrer T, Cupic A, Gonzalez-Reiche AS, Bakel HV, García-Sastre A, Anderson T, Torrelles JB, Ye C, Martinez-Sobrido L.","J Virol. 2021 Aug 10;95(17):e0040221. doi: 10.1128/JVI.00402-21. Epub 2021 Aug 10.","Silvas JA","J Virol","2021","2021/06/16","PMC8354228","","10.1128/JVI.00402-21"
"34338278","ELAC2/RNaseZ-linked cardiac hypertrophy in Drosophila melanogaster","Migunova E, Theophilopoulos J, Mercadante M, Men J, Zhou C, Dubrovsky EB.","Dis Model Mech. 2021 Aug 1;14(8):dmm048931. doi: 10.1242/dmm.048931. Epub 2021 Aug 31.","Migunova E","Dis Model Mech","2021","2021/08/02","PMC8419712","","10.1242/dmm.048931"
"34265509","A prognostic and predictive computational pathology image signature for added benefit of adjuvant chemotherapy in early stage non-small-cell lung cancer","Wang X, Bera K, Barrera C, Zhou Y, Lu C, Vaidya P, Fu P, Yang M, Schmid RA, Berezowska S, Choi H, Velcheti V, Madabhushi A.","EBioMedicine. 2021 Jul;69:103481. doi: 10.1016/j.ebiom.2021.103481. Epub 2021 Jul 12.","Wang X","EBioMedicine","2021","2021/07/15","PMC8282972","","10.1016/j.ebiom.2021.103481"
"34047649","mSphere of Influence: the Key Role of Neutrophils in Tuberculosis and Type 2 Diabetes Comorbidity","Mayer Bridwell AE.","mSphere. 2021 Jun 30;6(3):e0025121. doi: 10.1128/mSphere.00251-21. Epub 2021 May 28.","Mayer Bridwell AE","mSphere","2021","2021/05/28","PMC8265639","","10.1128/mSphere.00251-21"
"34220797","Quantitative Assessment of Experimental Ocular Inflammatory Disease","Bradley LJ, Ward A, Hsue MCY, Liu J, Copland DA, Dick AD, Nicholson LB.","Front Immunol. 2021 Jun 18;12:630022. doi: 10.3389/fimmu.2021.630022. eCollection 2021.","Bradley LJ","Front Immunol","2021","2021/07/05","PMC8250853","","10.3389/fimmu.2021.630022"
"33813142","A STING antagonist modulating the interaction with STIM1 blocks ER-to-Golgi trafficking and inhibits lupus pathology","Prabakaran T, Troldborg A, Kumpunya S, Alee I, Marinković E, Windross SJ, Nandakumar R, Narita R, Zhang BC, Carstensen M, Vejvisithsakul P, Marqvorsen MHS, Iversen MB, Holm CK, Østergaard LJ, Pedersen FS, Pisitkun T, Behrendt R, Pisitkun P, Paludan SR.","EBioMedicine. 2021 Apr;66:103314. doi: 10.1016/j.ebiom.2021.103314. Epub 2021 Apr 2.","Prabakaran T","EBioMedicine","2021","2021/04/04","PMC8047499","","10.1016/j.ebiom.2021.103314"
"32496979","A Large Mammalian Model of Myocardial Regeneration After Myocardial Infarction in Fetal Sheep","Hodges MM, Zgheib C, Liechty KW.","Adv Wound Care (New Rochelle). 2021 Apr;10(4):174-190. doi: 10.1089/wound.2018.0894. Epub 2020 Jul 7.","Hodges MM","Adv Wound Care (New Rochelle)","2021","2020/06/05","PMC7906869","","10.1089/wound.2018.0894"
"33303971","Vascular remodeling by placenta-derived mesenchymal stem cells restores ovarian function in ovariectomized rat model via the VEGF pathway","Cho J, Kim TH, Seok J, Jun JH, Park H, Kweon M, Lim JY, Kim GJ.","Lab Invest. 2021 Mar;101(3):304-317. doi: 10.1038/s41374-020-00513-1. Epub 2020 Dec 10.","Cho J","Lab Invest","2021","2020/12/11","PMC7892345","","10.1038/s41374-020-00513-1"
"33672153","A Comprehensive miRNome Analysis of Macrophages Isolated from db/db Mice and Selected miRNAs Involved in Metabolic Syndrome-Associated Cardiac Remodeling","Niderla-Bielińska J, Ścieżyńska A, Moskalik A, Jankowska-Steifer E, Bartkowiak K, Bartkowiak M, Kiernozek E, Podgórska A, Ciszek B, Majchrzak B, Ratajska A.","Int J Mol Sci. 2021 Feb 23;22(4):2197. doi: 10.3390/ijms22042197.","Niderla-Bielińska J","Int J Mol Sci","2021","2021/03/06","PMC7926522","","10.3390/ijms22042197"
"33532581","Personalized-induced neural stem cell therapy: Generation, transplant, and safety in a large animal model","Bomba HN, Sheets KT, Valdivia A, Khagi S, Ruterbories L, Mariani CL, Borst LB, Tokarz DA, Hingtgen SD.","Bioeng Transl Med. 2020 Jul 15;6(1):e10171. doi: 10.1002/btm2.10171. eCollection 2021 Jan.","Bomba HN","Bioeng Transl Med","2020","2021/02/03","PMC7823134","","10.1002/btm2.10171"
"33505448","Viewing the current situation of pig model application in China's medical field from the application and funding of NSFC","Zhang XB, Yang SM.","J Otol. 2021 Jan;16(1):34-39. doi: 10.1016/j.joto.2020.10.004. Epub 2020 Nov 20.","Zhang XB","J Otol","2021","2021/01/28","PMC7814078","","10.1016/j.joto.2020.10.004"
"33341442","Chromosome 22q11.2 deletion causes PERK-dependent vulnerability in dopaminergic neurons","Arioka Y, Shishido E, Kushima I, Suzuki T, Saito R, Aiba A, Mori D, Ozaki N.","EBioMedicine. 2021 Jan;63:103138. doi: 10.1016/j.ebiom.2020.103138. Epub 2020 Dec 17.","Arioka Y","EBioMedicine","2021","2020/12/20","PMC7753137","","10.1016/j.ebiom.2020.103138"
"32916180","Magnetic resonance imaging accurately tracks kidney pathology and heterogeneity in the transition from acute kidney injury to chronic kidney disease","Charlton JR, Xu Y, Wu T, deRonde KA, Hughes JL, Dutta S, Oxley GT, Cwiek A, Cathro HP, Charlton NP, Conaway MR, Baldelomar EJ, Parvin N, Bennett KM.","Kidney Int. 2021 Jan;99(1):173-185. doi: 10.1016/j.kint.2020.08.021. Epub 2020 Sep 8.","Charlton JR","Kidney Int","2021","2020/09/11","PMC8822820","NIHMS1766642","10.1016/j.kint.2020.08.021"
"33520094","Feasibility and Acceptability of Clinical Pediatric Telerehabilitation Services","Tanner K, Bican R, Boster J, Christensen C, Coffman C, Fallieras K, Long R, Mansfield C, O'Rourke S, Pauline L, Sagester G, Marrie J.","Int J Telerehabil. 2020 Dec 8;12(2):43-52. doi: 10.5195/ijt.2020.6336.","Tanner K","Int J Telerehabil","2020","2021/02/01","PMC7757654","","10.5195/ijt.2020.6336"
"33232868","Deep learning-based classification of primary bone tumors on radiographs: A preliminary study","He Y, Pan I, Bao B, Halsey K, Chang M, Liu H, Peng S, Sebro RA, Guan J, Yi T, Delworth AT, Eweje F, States LJ, Zhang PJ, Zhang Z, Wu J, Peng X, Bai HX.","EBioMedicine. 2020 Dec;62:103121. doi: 10.1016/j.ebiom.2020.103121. Epub 2020 Nov 22.","He Y","EBioMedicine","2020","2020/11/24","PMC7689511","","10.1016/j.ebiom.2020.103121"
"33126852","LAMP: disease classification derived from layered assessment on modules and pathways in the human gene network","Mi Z, Guo B, Yang X, Yin Z, Zheng Z.","BMC Bioinformatics. 2020 Oct 30;21(1):487. doi: 10.1186/s12859-020-03800-2.","Mi Z","BMC Bioinformatics","2020","2020/10/31","PMC7597061","","10.1186/s12859-020-03800-2"
"33050187","Astrogliosis in an Experimental Model of Hypovitaminosis B12: A Cellular Basis of Neurological Disorders due to Cobalamin Deficiency","Rzepka Z, Rok J, Kowalska J, Banach K, Hermanowicz JM, Beberok A, Sieklucka B, Gryko D, Wrześniok D.","Cells. 2020 Oct 9;9(10):2261. doi: 10.3390/cells9102261.","Rzepka Z","Cells","2020","2020/10/14","PMC7600008","","10.3390/cells9102261"
"33733207","BRAVE-NET: Fully Automated Arterial Brain Vessel Segmentation in Patients With Cerebrovascular Disease","Hilbert A, Madai VI, Akay EM, Aydin OU, Behland J, Sobesky J, Galinovic I, Khalil AA, Taha AA, Wuerfel J, Dusek P, Niendorf T, Fiebach JB, Frey D, Livne M.","Front Artif Intell. 2020 Sep 25;3:552258. doi: 10.3389/frai.2020.552258. eCollection 2020.","Hilbert A","Front Artif Intell","2020","2021/03/18","PMC7861225","","10.3389/frai.2020.552258"
"32596517","Age, pathology and CA-125 are prognostic factors for survival in patients with brain metastases from gynaecological tumours","Nagtegaal SHJ, Hulsbergen AFC, van Dorst EBL, Kavouridis VK, Jessurun CAC, Broekman MLD, Smith TR, Verhoeff JJC.","Clin Transl Radiat Oncol. 2020 May 6;24:11-15. doi: 10.1016/j.ctro.2020.05.001. eCollection 2020 Sep.","Nagtegaal SHJ","Clin Transl Radiat Oncol","2020","2020/06/30","PMC7306503","","10.1016/j.ctro.2020.05.001"
"32677936","Implementing a system for the real-time risk assessment of patients considered for intensive care","Dahella SS, Briggs JS, Coombes P, Farajidavar N, Meredith P, Bonnici T, Darbyshire JL, Watkinson PJ.","BMC Med Inform Decis Mak. 2020 Jul 16;20(1):161. doi: 10.1186/s12911-020-01176-0.","Dahella SS","BMC Med Inform Decis Mak","2020","2020/07/18","PMC7366315","","10.1186/s12911-020-01176-0"
"33019365","Automatic Assessment of Language Ability in Children with and without Typical Development","Gale R, Dolata J, Prud'hommeaux E, van Santen J, Asgari M.","Annu Int Conf IEEE Eng Med Biol Soc. 2020 Jul;2020:6111-6114. doi: 10.1109/EMBC44109.2020.9175264.","Gale R","Annu Int Conf IEEE Eng Med Biol Soc","2020","2020/10/06","PMC7574577","NIHMS1636201","10.1109/EMBC44109.2020.9175264"
"32457074","Mouse Retinal Cell Atlas: Molecular Identification of over Sixty Amacrine Cell Types","Yan W, Laboulaye MA, Tran NM, Whitney IE, Benhar I, Sanes JR.","J Neurosci. 2020 Jul 1;40(27):5177-5195. doi: 10.1523/JNEUROSCI.0471-20.2020. Epub 2020 May 26.","Yan W","J Neurosci","2020","2020/05/28","PMC7329304","","10.1523/JNEUROSCI.0471-20.2020"
"32432924","Mechanisms of altered skeletal muscle action potentials in the R6/2 mouse model of Huntington's disease","Miranda DR, Reed E, Jama A, Bottomley M, Ren H, Rich MM, Voss AA.","Am J Physiol Cell Physiol. 2020 Jul 1;319(1):C218-C232. doi: 10.1152/ajpcell.00153.2020. Epub 2020 May 20.","Miranda DR","Am J Physiol Cell Physiol","2020","2020/05/21","PMC7468886","","10.1152/ajpcell.00153.2020"
"32344764","Pediatric Scoliosis Surgery-A Comprehensive Analysis of Treatment-Specific Variables and Trends in Latvia","Rüwald JM, Upenieks J, Ositis J, Pycha A, Avidan Y, Rüwald AL, Eymael RL, Schildberg FA.","Medicina (Kaunas). 2020 Apr 24;56(4):201. doi: 10.3390/medicina56040201.","Rüwald JM","Medicina (Kaunas)","2020","2020/04/30","PMC7230999","","10.3390/medicina56040201"
"32777787","Disinhibition and Detachment in Adolescence: A Developmental Cognitive Neuroscience Perspective on the Alternative Model for Personality Disorders","Allen TA, Hallquist MN.","Psychopathology. 2020;53(3-4):205-212. doi: 10.1159/000509984. Epub 2020 Aug 10.","Allen TA","Psychopathology","2020","2020/08/11","PMC7530016","NIHMS1615639","10.1159/000509984"
"32233608","Pulsatile flow through idealized renal tubules: Fluid-structure interaction and dynamic pathologies","Praljak N, Ryan SD, Resnick A.","Math Biosci Eng. 2019 Dec 17;17(2):1787-1807. doi: 10.3934/mbe.2020094.","Praljak N","Math Biosci Eng","2019","2020/04/03","PMC8533031","NIHMS1748133","10.3934/mbe.2020094"
